ObjectID,GlobalID,CreationDate,Creator,EditDate,Editor,Site ID,Other - Site ID,Date,Observer Type,Observer Name,Other - Observer Name,Survey Type,GPS track recorded,Bearing,Wind (km/h),Dominant Shrub,Dominant Understory,Start time,Time to first detection,First detection type,Fresh squirrel scat samples collected,Fresh jackrabbit scat samples collected,Comments/Notes,x,y
1,53bfe57f-b856-4d48-8bc1-81e08233a443,10/20/2025 3:14:31 PM,,10/20/2025 3:14:31 PM,,SRHALP3,,5/1/2025 6:00:00 PM,Technician,Mariah Hoel,,Day 2 Random,,,,,,15:56,00:00,,0,0,,0,0
2,3936af61-1dce-47e3-844d-cf4148a247a2,10/26/2025 5:05:17 PM,,10/26/2025 5:05:17 PM,,65641,,3/29/2025 6:00:00 PM,Technician,Stefanie Buxel,,Day 1 Transect,YES,345,,,,15:48,03:58,,0,0,,0,0
3,509513d4-8a51-47ab-8b71-e54319c5e1d1,10/26/2025 5:07:01 PM,,10/26/2025 5:07:01 PM,,42854,,3/29/2025 6:00:00 PM,Lead,Jessica Hovey,,Day 1 Transect,YES,145,12.9,,,09:55,10:05,,0,0,,0,0
4,974fe48e-9d77-40fe-8d61-dc2e767aa3ec,10/26/2025 5:13:52 PM,,10/26/2025 5:13:52 PM,,74041,,3/30/2025 6:00:00 PM,Lead,Jessica Hovey,,Day 1 Random,,,7.9,,,10:35,10:40,,0,0,Lots of winterfat in the pivot,0,0
5,774b4338-1b82-4541-8c53-4f8138accf1e,10/26/2025 5:14:11 PM,,10/26/2025 5:14:11 PM,,65602,,3/30/2025 6:00:00 PM,Lead,Jessica Hovey,,Day 2 Random,,,6.8,,,12:41,12:46,,0,0,"Difficult to get to, no activity, possibly avoid using for null sites",0,0
6,801dbbac-43bc-4aab-8341-72c1f623e42d,10/26/2025 5:14:31 PM,,10/26/2025 5:14:31 PM,,58376,,3/30/2025 6:00:00 PM,Lead,Jessica Hovey,,Day 2 Random,,,12.2,,,14:38,14:43,,0,0,Very high pronghorn activity,0,0
7,e1499853-34d2-4b95-8a9c-c3be167d7a50,10/26/2025 5:14:54 PM,,10/26/2025 5:14:54 PM,,GS17H,,3/30/2025 6:00:00 PM,Lead,Jessica Hovey,,Day 2 Random,,,9.2,,,15:26,15:31,,0,0,,0,0
8,1a749cfe-2199-4bb6-8b01-8f21f0edf8f4,10/26/2025 5:15:09 PM,,10/26/2025 5:15:09 PM,,SSHPLA4,,4/5/2025 6:00:00 PM,Lead,Jessica Hovey,,Day 2 Random,,,5.5,,,12:18,12:23,,0,0,,0,0
9,53993515-edf3-4b36-8895-788dbf078f54,10/26/2025 5:15:20 PM,,10/26/2025 5:15:20 PM,,34441,,4/5/2025 6:00:00 PM,Lead,Jessica Hovey,,Day 2 Random,,,12,,,10:31,10:36,,0,0,,0,0
10,eb081b54-aac2-4513-8e2a-d7ffb7ec6746,10/26/2025 5:19:46 PM,,10/26/2025 5:19:46 PM,,50041,,3/29/2025 6:00:00 PM,Lead,Jessica Hovey,,Day 1 Random,,,9.6,,,15:03,15:08,,0,0,,0,0
11,b9c2e9ec-c5c1-4583-8548-5a127c11bd99,10/26/2025 5:22:59 PM,,10/26/2025 5:22:59 PM,,SSHALP1,,3/29/2025 6:00:00 PM,Lead,Jessica Hovey,,Day 1 Random,,,12.01,,,11:13,11:18,,0,0,Rabbit scat collected,0,0
12,e41a5382-89bc-4908-88e6-faea19bdc711,10/26/2025 5:28:30 PM,,10/26/2025 5:28:30 PM,,SSHALP1,,3/29/2025 6:00:00 PM,Lead,Jessica Hovey,,Day 1 Random,,,10.8,,,13:54,13:59,,0,0,"Short-eared owl remains (feathers connected). Found in the site, most likely predation.",0,0
13,72c209c9-f309-434d-8a66-0097eb0ceba4,10/26/2025 5:31:32 PM,,10/26/2025 5:31:32 PM,,50067,,3/29/2025 6:00:00 PM,Technician,Stefanie Buxel,,Day 1 Transect,YES,65,,,,12:29,12:39,,0,0,,0,0
14,4c4c55dd-aed7-43d6-83f4-8f4231b4e7b9,10/26/2025 5:32:28 PM,,10/26/2025 5:32:28 PM,,50067,,3/29/2025 6:00:00 PM,Technician,Stefanie Buxel,,Day 1 Random,,,,,,12:40,12:45,,0,0,,0,0
15,41cd6a96-e998-4126-8886-98818aaa2117,10/26/2025 5:34:08 PM,,10/26/2025 5:34:08 PM,,50041,,3/29/2025 6:00:00 PM,Technician,Stefanie Buxel,,Day 1 Transect,YES,280,,,,14:49,14:59,,0,0,,0,0
16,c0d0dcdb-4a7d-4988-89e8-49469ed4a5fa,10/26/2025 5:34:57 PM,,10/26/2025 5:34:57 PM,,50041,,3/29/2025 6:00:00 PM,Technician,Stefanie Buxel,,Day 1 Random,,,,,,15:02,15:07,,0,0,,0,0
17,351a904d-e0ae-4fcb-8d23-2811f6c6a596,10/26/2025 5:36:14 PM,,10/26/2025 5:36:14 PM,,42776,,4/1/2025 6:00:00 PM,Technician,Dylan Hendry,,Day 2 Random,,,,,,15:09,15:14,,0,0,,0,0
18,3aa06ca0-0e39-4237-8270-11cd94263090,10/26/2025 5:37:14 PM,,10/26/2025 5:37:14 PM,,49950,,4/1/2025 6:00:00 PM,Technician,Dylan Hendry,,Day 2 Random,,,,,,14:10,14:15,,0,0,,0,0
19,47329938-6b02-441f-8a20-d38c7a0e1ff6,10/26/2025 5:38:12 PM,,10/26/2025 5:38:12 PM,,42750,,4/1/2025 6:00:00 PM,Technician,Dylan Hendry,,Day 2 Random,,,,,,13:18,13:23,,0,0,,0,0
20,7f6f1e88-c70b-4c05-8c2d-05283c1ed7ae,10/26/2025 5:38:55 PM,,10/26/2025 5:38:55 PM,,49963,,4/1/2025 6:00:00 PM,Technician,Dylan Hendry,,Day 2 Random,,,,,,12:35,12:40,,0,0,,0,0
21,9753405a-8be8-4f59-8e20-1b85d7a7cb04,10/26/2025 5:39:37 PM,,10/26/2025 5:39:37 PM,,18763,,4/1/2025 6:00:00 PM,Technician,Dylan Hendry,,Day 2 Random,,,,,,10:54,10:59,,0,0,,0,0
22,2dc8078f-a170-4e3e-8f44-7567bf22cc42,10/26/2025 5:42:42 PM,,10/26/2025 5:42:42 PM,,96946,,3/30/2025 6:00:00 PM,Technician,Sydney Smith,,Day 1 Transect,YES,112,,,,11:52,12:02,,0,0,Squirrels heard before the transect area,0,0
23,1decc520-6e01-4774-8348-7269af020de4,10/26/2025 5:47:43 PM,,10/26/2025 5:47:43 PM,,96946,,3/30/2025 6:00:00 PM,Technician,Sydney Smith,,Day 1 Random,,,,,,12:01,12:06,,0,0,Squirrels heard before the transect area,0,0
24,fc667331-425c-4bb4-89d3-da0f89fb86e4,10/26/2025 5:56:26 PM,,10/26/2025 5:56:26 PM,,GS03M,,4/3/2025 6:00:00 PM,Technician,Dylan Hendry,,Day 2 Random,,,,,,02:34,02:41,Auditory,0,0,,0,0
25,aa29e3db-6b06-4983-8b87-ee357f65d19f,10/26/2025 5:58:45 PM,,10/26/2025 5:58:45 PM,,112585,,4/3/2025 6:00:00 PM,Technician,Dylan Hendry,,Day 2 Random,,,,,,13:55,14:00,,0,0,,0,0
26,04109119-dca0-4a94-88b1-aec0fdad9533,10/26/2025 6:01:32 PM,,10/26/2025 6:01:32 PM,,120985,,4/3/2025 6:00:00 PM,Technician,Dylan Hendry,,Day 2 Random,,,,,,13:03,01:08,,0,0,,0,0
27,9e365dfe-df3a-41c5-8069-4d829f036580,10/26/2025 6:04:14 PM,,10/26/2025 6:04:14 PM,,112559,,4/3/2025 6:00:00 PM,Technician,Dylan Hendry,,Day 2 Random,,,,,,12:18,12:23,Active burrow,0,0,,0,0
28,8a6a1c03-cecd-4c8e-8c6c-8a7193f35a42,10/26/2025 6:09:10 PM,,10/26/2025 6:09:10 PM,,112546,,4/3/2025 6:00:00 PM,Technician,Dylan Hendry,,Day 2 Random,,,,,,11:43,11:48,,0,0,,0,0
29,1815fd9a-8a0f-4841-80b8-60a59f1e9dab,10/26/2025 6:10:52 PM,,10/26/2025 6:10:52 PM,,112533,,4/3/2025 6:00:00 PM,Technician,Dylan Hendry,,Day 2 Random,,,,,,11:05,11:10,,0,0,,0,0
30,96c65b88-ad6d-4196-888c-c926210c6249,10/26/2025 6:11:53 PM,,10/26/2025 6:11:53 PM,,105346,,4/3/2025 6:00:00 PM,Technician,Dylan Hendry,,Day 2 Random,,,,,,10:20,10:25,,0,0,,0,0
31,b4deaf52-0c60-42ba-813f-41d3a69ee3f7,10/26/2025 6:14:56 PM,,10/26/2025 6:14:56 PM,,105333,,4/3/2025 6:00:00 PM,Technician,Dylan Hendry,,Day 2 Random,,,,,,09:43,09:48,,0,0,,0,0
32,69e112aa-eb54-49e2-8101-6027eb356f22,10/26/2025 6:20:56 PM,,10/26/2025 6:20:56 PM,,42815,,4/2/2025 6:00:00 PM,Technician,Stefanie Buxel,,Day 2 Random,,,,,,12:28,12:33,,0,0,,0,0
33,31c14d26-d5e7-40f3-8202-442c9fe33f70,10/26/2025 6:33:33 PM,,10/26/2025 6:33:33 PM,,POSE1,,4/2/2025 6:00:00 PM,Technician,Stefanie Buxel,,Day 2 Random,,,,,,09:52,09:57,,0,0,,0,0
34,34dea9e0-34ae-47eb-8f16-cf1e684f79a7,10/26/2025 6:35:05 PM,,10/26/2025 6:35:05 PM,,POSE2,,4/2/2025 6:00:00 PM,Technician,Stefanie Buxel,,Day 2 Random,,,,,,10:52,10:57,,0,0,,0,0
35,febad6f7-ea0f-4aea-8ca2-acb00fc74f52,10/26/2025 6:36:10 PM,,10/26/2025 6:36:10 PM,,42802,,4/2/2025 6:00:00 PM,Technician,Stefanie Buxel,,Day 2 Random,,,,,,11:41,11:46,,0,0,,0,0
36,442c71ef-8cdb-452f-8994-3882f2f91fef,10/26/2025 6:38:05 PM,,10/26/2025 6:38:05 PM,,128302,,4/1/2025 6:00:00 PM,Lead,David Bontrager,,Day 2 Random,,,15.1,,,11:21,11:26,,0,0,Flags pulled on second visit,0,0
37,8df4d909-5233-4171-8514-0cf55ebf8953,10/26/2025 6:40:11 PM,,10/26/2025 6:40:11 PM,,121063,,4/1/2025 6:00:00 PM,Lead,David Bontrager,,Day 2 Random,,,14.6,,,01:35,01:40,,0,0,Flags pulled on second visit,0,0
38,e3c882d6-8dac-4f2f-8e95-e201e95c0c14,10/26/2025 6:42:07 PM,,10/26/2025 6:42:07 PM,,121037,,4/1/2025 6:00:00 PM,Lead,David Bontrager,,Day 2 Random,,,15.1,,,15:15,15:20,,0,0,Flags pulled on second visit,0,0
39,8fcd8b14-b251-4641-8595-19903ec39cf2,10/26/2025 6:44:06 PM,,10/26/2025 6:44:06 PM,,121076,,4/1/2025 6:00:00 PM,Lead,David Bontrager,,Day 2 Random,,,16.8,,,12:28,12:33,,0,0,Flags pulled on second visit,0,0
40,bd33a241-401e-402e-8935-9d4857d2aa9d,10/26/2025 6:47:15 PM,,10/26/2025 6:47:15 PM,,128263,,4/2/2025 6:00:00 PM,Lead,David Bontrager,,Day 2 Random,,,9.5,,,14:28,14:33,,0,0,Bearing appears to be lost,0,0
41,1f1bef7e-c2e5-47a5-8f15-bc8527f262f4,10/26/2025 6:50:35 PM,,10/26/2025 6:50:35 PM,,120998,,4/1/2025 6:00:00 PM,Lead,David Bontrager,,Day 2 Random,,,9.8,,,16:02,16:07,,0,0,Flags pulled on the second visit,0,0
42,66d39b84-fa77-4694-890e-e5ab962c924a,10/26/2025 6:53:39 PM,,10/26/2025 6:53:39 PM,,89707,,4/2/2025 6:00:00 PM,Lead,David Bontrager,,Day 2 Random,,,14.1,,,10:09,10:14,,0,0,,0,0
43,656647d5-55c3-4386-8758-982f4ab14270,10/26/2025 6:55:12 PM,,10/26/2025 6:55:12 PM,,89693,,4/2/2025 6:00:00 PM,Lead,David Bontrager,,Day 2 Random,,,23.5,,,10:48,10:53,,0,0,Flags pulled on second visit,0,0
44,ee5ce1ff-bd85-4c3a-87fe-35e83a2d4e40,10/26/2025 7:46:19 PM,,10/26/2025 7:46:19 PM,,89680,,4/2/2025 6:00:00 PM,Lead,David Bontrager,,Day 2 Random,,,14.5,,,11:28,11:33,,0,0,Flags pulled out on the second visit. Short-eared owl flushed,0,0
45,c097ecfa-45a8-45ec-8826-c45a65cd6710,10/26/2025 7:51:02 PM,,10/26/2025 7:51:02 PM,,96854,,4/2/2025 6:00:00 PM,Lead,David Bontrager,,Day 2 Random,,,12.7,,,12:55,13:00,,0,0,,0,0
46,8b1b9d0a-1689-42e4-8279-643fa75f4e67,10/26/2025 7:52:53 PM,,10/26/2025 7:52:53 PM,,96867,,4/2/2025 6:00:00 PM,Lead,David Bontrager,,Day 2 Random,,,13.7,,,13:38,13:43,,0,0,,0,0
47,d848ba0c-a03f-4734-847e-d6181d875593,10/26/2025 7:55:22 PM,,10/26/2025 7:55:22 PM,,96880,,4/2/2025 6:00:00 PM,Lead,David Bontrager,,Day 2 Random,,,11.5,,,02:26,02:31,,0,0,Flags pulled on the second visit,0,0
48,99975296-32b5-4941-8a6a-fe829af2c684,10/26/2025 7:58:06 PM,,10/26/2025 7:58:06 PM,,96893,,4/2/2025 6:00:00 PM,Lead,David Bontrager,,Day 2 Random,,,14,,,15:12,15:17,,0,0,,0,0
49,979c4a7d-bc06-4867-857b-729d849d52bb,10/26/2025 7:59:56 PM,,10/26/2025 7:59:56 PM,,ARTR2,,4/3/2025 6:00:00 PM,Lead,David Bontrager,,Day 2 Random,,,16,,,10:52,10:57,,0,0,,0,0
50,78a0eee7-9766-4d7c-885e-798f883e3a6e,10/26/2025 8:02:15 PM,,10/26/2025 8:02:15 PM,,42776,,4/3/2025 6:00:00 PM,Lead,David Bontrager,,Day 2 Random,,,11.3,,,09:51,09:56,,0,0,"This is the third visit by mistake, the site was actually done on April 1st. Flags were pulled.",0,0
51,a1ff572b-2791-46d4-89fb-52df952b84b6,10/26/2025 9:25:14 PM,,10/26/2025 9:25:14 PM,,50002,,4/3/2025 6:00:00 PM,Lead,David Bontrager,,Day 2 Random,,,12.9,,,12:07,12:12,,0,0,Flags pulled on the second visit,0,0
52,bf4e64fb-dc8c-4ccc-8f4c-02b9daf81472,10/26/2025 9:28:30 PM,,10/26/2025 9:28:30 PM,,49989,,4/3/2025 6:00:00 PM,Lead,David Bontrager,,Day 2 Random,,,13.9,,,11:25,11:30,,0,0,Flags pulled on the second visit,0,0
53,9eb20bf8-2b08-4840-8eca-f5d69fe3afd4,10/26/2025 9:31:51 PM,,10/26/2025 9:31:51 PM,,121076,,4/1/2025 6:00:00 PM,Technician,Stefanie Buxel,,Day 2 Random,,,,,,12:28,12:33,,0,0,Pulled flags on the second visit,0,0
54,c6136ae9-e6f9-4c19-85e9-b92af6a4334b,10/26/2025 9:35:03 PM,,10/26/2025 9:35:03 PM,,120998,,4/1/2025 6:00:00 PM,Technician,Stefanie Buxel,,Day 2 Random,,,,,,16:02,16:07,,0,0,,0,0
55,0eb86e7e-6929-4346-8561-95c552e7917d,10/26/2025 10:15:57 PM,,10/26/2025 10:15:57 PM,,121037,,4/1/2025 6:00:00 PM,Technician,Stefanie Buxel,,Day 2 Random,,,,,,15:15,15:20,,0,0,,0,0
56,b0d1f134-43c5-4424-8aeb-a213b54c8418,10/26/2025 10:17:33 PM,,10/26/2025 10:17:33 PM,,96893,,4/2/2025 6:00:00 PM,Technician,Dylan Hendry,,Day 2 Random,,,,,,15:12,15:17,,0,0,,0,0
57,9714ba2d-382b-412c-821a-5f7a80f52d55,10/26/2025 10:26:51 PM,,10/26/2025 10:26:51 PM,,96880,,4/2/2025 6:00:00 PM,Technician,Dylan Hendry,,Day 2 Random,,,,,,14:26,14:31,,0,0,,0,0
58,e9b1ee8f-2f00-49e6-822e-7f8921cb9819,10/26/2025 10:28:56 PM,,10/26/2025 10:28:56 PM,,96854,,4/2/2025 6:00:00 PM,Technician,Dylan Hendry,,Day 2 Random,,,,,,12:55,13:00,Active burrow,0,0,,0,0
59,0f710bb2-81eb-4ffd-8729-49b303de9faa,10/26/2025 10:29:47 PM,,10/26/2025 10:29:47 PM,,96867,,4/2/2025 6:00:00 PM,Technician,Dylan Hendry,,Day 2 Random,,,,,,13:38,13:43,,0,0,,0,0
60,f33c8dff-985e-4899-8661-523a3773ebb2,10/26/2025 10:49:30 PM,,10/26/2025 10:49:30 PM,,89667,,4/2/2025 6:00:00 PM,Technician,Dylan Hendry,,Day 2 Random,,,,,,12:12,12:17,Active burrow,0,0,,0,0
61,8caca62f-16b7-4e84-89e7-f607a0e28e5f,10/26/2025 10:50:58 PM,,10/26/2025 10:50:58 PM,,89693,,4/2/2025 6:00:00 PM,Technician,Dylan Hendry,,Day 2 Random,,,,,,10:48,10:53,,0,0,,0,0
62,234acbfd-8173-44c5-8460-bc2ce98c4db9,10/26/2025 10:51:42 PM,,10/26/2025 10:51:42 PM,,89707,,4/2/2025 6:00:00 PM,Technician,Dylan Hendry,,Day 2 Random,,,,,,10:09,10:14,Active burrow,0,0,,0,0
63,5efce9be-e47a-4811-8413-9add11469842,10/26/2025 10:52:51 PM,,10/26/2025 10:52:51 PM,,42776,,4/3/2025 6:00:00 PM,Technician,Stefanie Buxel,,Day 2 Random,,,,,,09:51,09:56,,0,0,This was actually the third visit,0,0
64,734e1543-21cf-435d-8625-9c69c30f0909,10/26/2025 10:53:52 PM,,10/26/2025 10:53:52 PM,,ARTR2,,4/3/2025 6:00:00 PM,Technician,Stefanie Buxel,,Day 2 Random,,,,,,10:52,10:57,,0,0,,0,0
65,f45c56ca-5f57-4936-8826-97e6bfb5db71,10/26/2025 10:54:41 PM,,10/26/2025 10:54:41 PM,,50002,,4/3/2025 6:00:00 PM,Technician,Stefanie Buxel,,Day 2 Random,,,,,,12:07,12:12,,0,0,,0,0
66,9062e1f5-58a8-41a2-8d6b-5febe9f46f18,10/26/2025 11:05:51 PM,,10/26/2025 11:05:51 PM,,128263,,4/1/2025 6:00:00 PM,Technician,Stefanie Buxel,,Day 2 Random,,,,,,14:28,14:33,,0,0,"Changed the bearing, and there was a light sprinkle.",0,0
67,1a379016-675d-4f76-8367-183c2870da58,10/26/2025 11:58:09 PM,,10/26/2025 11:58:09 PM,,42854,,3/29/2025 6:00:00 PM,Technician,Stefanie Buxel,,Day 1 Random,,,,,,11:21,11:21,Fresh scat,1,0,,0,0
68,19a8477a-4597-4c25-8941-aa8a9fcda786,10/26/2025 11:59:14 PM,,11/17/2025 11:11:26 PM,JENCRUZ@boisestate.edu_boisestate,121063,,3/1/2025 7:00:00 PM,Technician,Stefanie Buxel,,Day 2 Random,,,,,,13:35,13:40,,0,0,,0,0
69,4ba1502e-7061-4e0b-82a4-d8f2794e6297,10/26/2025 11:59:57 PM,,11/17/2025 11:11:30 PM,JENCRUZ@boisestate.edu_boisestate,ARTR1,,4/3/2025 6:00:00 PM,Technician,Stefanie Buxel,,Day 2 Random,,,,,,12:50,12:55,,0,0,,0,0
70,a6b7bfab-085e-493c-85a6-a756e4c373d2,10/27/2025 12:07:59 AM,,10/27/2025 12:07:59 AM,,SDHPLA6,,4/3/2025 6:00:00 PM,Lead,David Bontrager,,Day 2 Random,,,10.3,,,13:33,13:38,,0,0,,0,0
71,5d714409-47c5-4e88-830f-d0583de12472,10/27/2025 12:16:41 AM,,10/27/2025 12:16:41 AM,,58507,,4/5/2025 6:00:00 PM,Lead,David Bontrager,,Day 2 Random,,,5.8,,,10:36,10:41,,0,0,,0,0
72,689647db-d9c5-433e-8358-8444850dbb9f,10/27/2025 12:18:56 AM,,10/27/2025 12:18:56 AM,,81320,,4/5/2025 6:00:00 PM,Lead,David Bontrager,,Day 2 Random,,,6.2,,,12:36,12:41,Active burrow,0,0,,0,0
73,0f8fdeb3-ad02-4109-8d75-78ffe528c32a,10/27/2025 12:21:01 AM,,10/27/2025 12:21:01 AM,,BAPR1,,4/5/2025 6:00:00 PM,Lead,David Bontrager,,Day 2 Random,,,4.7,,,02:10,02:15,,0,0,,0,0
74,c36f6cbc-4557-4aee-86d8-256177f04808,10/27/2025 12:21:55 AM,,10/27/2025 12:21:55 AM,,89720,,4/5/2025 6:00:00 PM,Lead,David Bontrager,,Day 2 Random,,,4.3,,,13:19,13:24,,0,0,,0,0
75,f8d83570-aa7f-4951-8712-2c0b26a31fb7,10/27/2025 12:24:01 AM,,10/27/2025 12:24:01 AM,,BAPR2,,4/5/2025 6:00:00 PM,Lead,David Bontrager,,Day 2 Random,,,2.3,,,14:50,14:55,,0,0,,0,0
76,38146c4c-c2c3-4f34-8743-eabb699b5618,10/27/2025 12:38:12 AM,,10/27/2025 12:38:12 AM,,50054,,4/6/2025 6:00:00 PM,Lead,David Bontrager,,Day 2 Random,,,4.6,,,10:19,10:24,,0,0,,0,0
77,7df891a1-21a8-496d-83ba-e2295c4e9840,10/27/2025 2:11:32 PM,,10/27/2025 2:11:32 PM,,SSHALP1,,4/6/2025 6:00:00 PM,Lead,David Bontrager,,Day 2 Random,,,1.6,,,11:57,12:02,,0,0,,0,0
78,8fbfe869-63a5-4649-8ac4-93c81b03a251,10/27/2025 2:13:27 PM,,10/27/2025 2:13:27 PM,,42750,,3/24/2025 6:00:00 PM,Lead,David Bontrager,,Day 1 Random,,,2.2,,,11:37,11:42,,0,0,,0,0
79,efe74228-edcd-4480-8ba5-8ce16f947f3f,10/27/2025 2:15:57 PM,,10/27/2025 2:15:57 PM,,50002,,3/25/2025 6:00:00 PM,Lead,David Bontrager,,Day 1 Random,,,11,,,11:53,11:58,,0,0,,0,0
80,0aaafede-a5ab-4d0b-8965-3772fa77e19c,10/27/2025 2:17:00 PM,,10/27/2025 2:17:00 PM,,49989,,3/25/2025 6:00:00 PM,Lead,David Bontrager,,Day 1 Random,,,9.6,,,11:05,11:10,,0,0,,0,0
81,92f37c2f-253b-4239-8759-af61c1c56ccb,10/27/2025 2:18:28 PM,,10/27/2025 2:18:28 PM,,65589,,3/24/2025 6:00:00 PM,Lead,David Bontrager,,Day 1 Random,,,3.1,,,15:57,16:02,,0,0,,0,0
82,211cfe8a-c19b-4a04-8617-f0421f2a301f,10/27/2025 2:19:34 PM,,10/27/2025 2:19:34 PM,,ARTR2,,3/25/2025 6:00:00 PM,Lead,David Bontrager,,Day 1 Random,,,10.1,,,10:15,10:20,,0,0,,0,0
83,3454c24f-3d01-45b8-8189-31d8ff85a806,10/27/2025 2:20:34 PM,,10/27/2025 2:20:34 PM,,ARTR1,,3/25/2025 6:00:00 PM,Lead,David Bontrager,,Day 1 Random,,,9.4,,,12:51,12:56,,0,0,,0,0
84,ba9a51b0-ce6f-4976-8cb9-40500f800c97,10/27/2025 2:21:34 PM,,10/27/2025 2:21:34 PM,,34441,,3/25/2025 6:00:00 PM,Lead,David Bontrager,,Day 1 Random,,,9.2,,,14:20,14:25,,0,0,,0,0
85,b9ad52be-7796-4a0a-8354-dc8c0559c158,10/27/2025 2:23:32 PM,,10/27/2025 2:23:32 PM,,65589,,3/24/2025 6:00:00 PM,Technician,Sydney Smith,,Day 1 Transect,,354,,,,15:46,15:51,,0,0,,0,0
86,7f010d31-41db-4e61-8aad-00e7aed0125a,10/27/2025 2:24:14 PM,,10/27/2025 2:24:14 PM,,65589,,3/24/2025 6:00:00 PM,Technician,Sydney Smith,,Day 1 Random,,,,,,15:57,16:02,,0,0,,0,0
87,1bade8ec-887e-40b2-8397-14e9f2c68f3e,10/27/2025 2:26:02 PM,,10/27/2025 2:26:02 PM,,58376,,3/24/2025 6:00:00 PM,Technician,Sydney Smith,,Day 1 Transect,,,,,,14:57,15:02,,0,0,,0,0
88,543089a4-3535-4029-8c22-98d841ff569d,10/27/2025 2:26:47 PM,,10/27/2025 2:26:47 PM,,58376,,3/24/2025 6:00:00 PM,Technician,Sydney Smith,,Day 1 Random,,,,,,15:04,03:09,,0,0,,0,0
89,337e1a82-7cb6-48f3-8058-6b5d9a3f5bf1,10/27/2025 2:28:04 PM,,10/27/2025 2:28:04 PM,,SRHALP3,,3/24/2025 6:00:00 PM,Technician,Sydney Smith,,Day 1 Transect,,215,,,,14:14,14:19,,0,0,,0,0
90,0c809a74-792f-4ad7-8cfa-c08d25c22915,10/27/2025 2:28:48 PM,,10/27/2025 2:28:48 PM,,SRHALP3,,3/24/2025 6:00:00 PM,Technician,Sydney Smith,,Day 1 Random,,,,,,14:26,02:31,,0,0,,0,0
91,fb3fb628-c2c4-40f8-80a9-d1708bac56ae,10/27/2025 2:30:16 PM,,10/27/2025 2:30:16 PM,,42776,,3/24/2025 6:00:00 PM,Technician,Sydney Smith,,Day 1 Transect,,123,,,,13:14,13:19,,0,0,,0,0
92,6f114ed9-a802-49bc-8ca0-0cebd5cccd35,10/27/2025 2:30:58 PM,,10/27/2025 2:30:58 PM,,42776,,3/24/2025 6:00:00 PM,Technician,Sydney Smith,,Day 1 Random,,,,,,13:28,13:33,,0,0,,0,0
93,4f648c61-1724-45a6-888a-f89870c88a38,10/27/2025 2:32:15 PM,,10/27/2025 2:32:15 PM,,58376,,3/24/2025 6:00:00 PM,Lead,David Bontrager,,Day 1 Random,,,8,,,15:04,15:09,,0,0,,0,0
94,32927d09-fd58-402b-8434-aa175d40205b,10/27/2025 2:33:10 PM,,10/27/2025 2:33:10 PM,,SRHALP3,,3/24/2025 6:00:00 PM,Lead,David Bontrager,,Day 1 Random,,,4.8,,,14:26,14:31,,0,0,,0,0
95,9fde74cb-9b80-431b-8de4-e49d430e8d09,10/27/2025 2:34:18 PM,,10/27/2025 2:34:18 PM,,42776,,3/24/2025 6:00:00 PM,Lead,David Bontrager,,Day 1 Random,,,5.3,,,13:28,13:33,,0,0,,0,0
96,ec77130f-4164-46f7-8b50-0550dffe770b,10/27/2025 2:35:54 PM,,10/27/2025 2:35:54 PM,,SSHPLA4,,3/25/2025 6:00:00 PM,Technician,Stefanie Buxel,,Day 1 Transect,YES,185,,,,14:59,14:04,,0,0,,0,0
97,add524d3-066c-4e41-8e0c-f61166de2fbf,10/27/2025 2:36:46 PM,,10/27/2025 2:36:46 PM,,SSHPLA4,,3/25/2025 6:00:00 PM,Technician,Stefanie Buxel,,Day 1 Random,,,,,,17:10,17:15,,0,0,,0,0
98,57900469-7646-48c7-87c5-05d0dc6d7c05,10/27/2025 2:38:10 PM,,10/27/2025 2:38:10 PM,,34441,,3/25/2025 6:00:00 PM,Technician,Stefanie Buxel,,Day 1 Transect,YES,160,,,,14:08,14:13,,0,0,,0,0
99,dce9890d-8dc1-45fd-891b-b378242a1a89,10/27/2025 2:38:51 PM,,10/27/2025 2:38:51 PM,,34441,,3/25/2025 6:00:00 PM,Technician,Stefanie Buxel,,Day 1 Random,,,,,,14:20,02:25,,0,0,,0,0
100,da7ee6c2-2d80-428f-81b4-5dca212dfb5c,10/27/2025 2:41:02 PM,,10/27/2025 2:41:02 PM,,ARTR1,,3/25/2025 6:00:00 PM,Technician,Stefanie Buxel,,Day 1 Transect,YES,155,,,,12:41,12:46,,0,0,"Mix of flags and flagging tape. The road crosses the transect, and there are jackrabbits with fresh badger burrows.",0,0
101,8149fc5a-2d72-4a3b-8d6e-222753f18f28,10/27/2025 2:41:41 PM,,10/27/2025 2:41:41 PM,,ARTR1,,3/25/2025 6:00:00 PM,Technician,Stefanie Buxel,,Day 1 Random,,,,,,12:51,12:56,,0,0,"Mix of flags and flagging tape. The road crosses the transect, and there are jackrabbits with fresh badger burrows.",0,0
102,d52e5f94-d421-4e36-825c-90407eba73e6,10/27/2025 2:43:17 PM,,10/27/2025 2:43:17 PM,,50002,,3/25/2025 6:00:00 PM,Technician,Stefanie Buxel,,Day 1 Transect,YES,195,,,,11:40,11:45,,0,0,Mix of orange and yellow flags with flagging tape.,0,0
103,f5b58bac-8012-4877-82ad-fc06770d1398,10/27/2025 2:43:58 PM,,10/27/2025 2:43:58 PM,,50002,,3/25/2025 6:00:00 PM,Technician,Stefanie Buxel,,Day 1 Random,,,,,,11:53,11:58,,0,0,Mix of orange and yellow flags with flagging tape.,0,0
104,371a9e54-02bd-441d-88ec-c73bbc6ae35d,10/27/2025 2:45:15 PM,,10/27/2025 2:45:15 PM,,49989,,3/25/2025 6:00:00 PM,Technician,Stefanie Buxel,,Day 1 Transect,YES,204,,,,10:54,10:59,,0,0,,0,0
105,d5a4d169-5e4b-4d09-8a05-85e33752e663,10/27/2025 2:45:55 PM,,10/27/2025 2:45:55 PM,,49989,,3/25/2025 6:00:00 PM,Technician,Stefanie Buxel,,Day 1 Random,,,,,,11:05,11:10,,0,0,,0,0
106,d2c4d468-bb83-4459-882a-7aca31fc4ded,10/27/2025 2:47:50 PM,,10/27/2025 2:47:50 PM,,81333,,3/10/2025 6:00:00 PM,Technician,Lillie Scofield,,Day 1 Transect,,75,,,,13:16,13:19,,0,0,,0,0
107,39ea7d67-e541-4e29-81de-d8c452726d00,10/27/2025 2:48:30 PM,,10/27/2025 2:48:30 PM,,81333,,3/10/2025 6:00:00 PM,Technician,Lillie Scofield,,Day 1 Random,,,,,,13:27,13:32,,0,0,,0,0
108,ca7c64ac-b0e2-4f18-81d5-19344bb9992a,10/27/2025 2:51:16 PM,,10/27/2025 2:51:16 PM,,81333,,10/10/2025 6:00:00 PM,Lead,David Bontrager,,Day 1 Random,,,8.1,,,13:27,13:32,,0,0,"GPS was not working, and yellow flags were used. Squirrels were heard before the transect. Had to hop barbed wire and the transect was mapped with Avenza.",0,0
109,ee16b12a-d43f-4cb9-801e-0c9f708c289f,10/27/2025 2:53:06 PM,,10/27/2025 2:53:06 PM,,EXAN2,,3/10/2025 6:00:00 PM,Lead,David Bontrager,,Day 1 Random,,,24,,,14:10,14:15,,0,0,Mapped with Avenza.,0,0
110,aaca4160-1183-4591-8727-11221014214a,10/27/2025 2:54:21 PM,,10/27/2025 2:54:21 PM,,58428,,10/9/2025 6:00:00 PM,Technician,Lillie Scofield,,Day 1 Transect,YES,183,,,,11:03,11:08,,0,0,,0,0
111,e42a6015-3d8c-4b9a-8f02-8f916ded2952,10/27/2025 2:55:07 PM,,10/27/2025 2:55:07 PM,,58428,,3/9/2025 6:00:00 PM,Technician,Lillie Scofield,,Day 1 Random,,,,,,11:14,11:19,,0,0,,0,0
112,0e972756-1d85-41d1-862e-304cf625e647,10/27/2025 2:56:22 PM,,10/27/2025 2:56:22 PM,,58428,,10/9/2025 6:00:00 PM,Lead,David Bontrager,,Day 1 Random,,,21.7,,,11:14,11:19,,0,0,,0,0
113,283bd11d-7eed-450f-836f-1f032ea8bd37,10/27/2025 2:57:32 PM,,10/27/2025 2:57:32 PM,,65602,,3/9/2025 6:00:00 PM,Lead,David Bontrager,,Day 1 Random,,,15.5,,,13:18,13:23,,0,0,,0,0
114,f271a28c-9a53-4189-8831-1c62ca16dfc6,10/27/2025 2:58:52 PM,,10/27/2025 2:58:52 PM,,96959,,3/12/2025 6:00:00 PM,Lead,David Bontrager,,Day 1 Random,,,10.7,,,16:15,16:20,,0,0,,0,0
115,5709cf81-67d7-40e0-80bf-7219f94cd50c,10/27/2025 3:00:36 PM,,10/27/2025 3:00:36 PM,,65615,,3/10/2025 6:00:00 PM,Lead,David Bontrager,,Day 1 Random,,,0.9,,,10:29,10:34,Active burrow,0,0,,0,0
116,39f7b4a3-896c-4ab9-872d-20b740c013f6,10/27/2025 3:02:27 PM,,10/27/2025 3:02:27 PM,,81202,,3/10/2025 6:00:00 PM,Lead,David Bontrager,,Day 1 Random,,,3.9,,,11:42,11:47,,0,0,"GPS not holding charge, so transect was mapped with Avenza",0,0
117,9ffa98bd-7f4a-488b-8d33-01f687a5b2a3,10/27/2025 3:03:49 PM,,10/27/2025 3:03:49 PM,,81202,,3/10/2025 6:00:00 PM,Technician,Lillie Scofield,,Day 1 Transect,,270,,,,11:30,11:35,,0,0,GPS not holding charge,0,0
118,9b5fb5a3-56af-41b7-8b48-260b5a2fa929,10/27/2025 3:04:28 PM,,10/27/2025 3:04:28 PM,,81202,,3/10/2025 6:00:00 PM,Technician,Lillie Scofield,,Day 1 Random,,,,,,11:42,11:47,,0,0,GPS not holding charge,0,0
119,1ebb4b6a-b3a6-44dd-8f80-e82a66cdac50,10/27/2025 3:05:44 PM,,10/27/2025 3:05:44 PM,,42763,,3/24/2025 6:00:00 PM,Technician,Sydney Smith,,Day 1 Transect,,216,,,,12:22,12:24,Auditory,0,0,,0,0
120,d96f5c35-fce2-4762-8c2e-bae16e96faf4,10/27/2025 3:07:12 PM,,10/27/2025 3:07:12 PM,,42750,,3/24/2025 6:00:00 PM,Technician,Sydney Smith,,Day 1 Transect,,57,,,,11:32,11:36,,0,0,,0,0
121,233bcdd0-8410-46ca-89c3-a575f735381d,10/27/2025 3:07:47 PM,,10/27/2025 3:07:47 PM,,42750,,3/24/2025 6:00:00 PM,Technician,Sydney Smith,,Day 1 Random,,,,,,11:37,11:42,,0,0,,0,0
122,db7b845a-809f-4bd2-809a-7139df545710,10/27/2025 3:09:03 PM,,10/27/2025 3:09:03 PM,,27176,,3/24/2025 6:00:00 PM,Technician,Sydney Smith,,Day 1 Transect,,263,,,,10:22,10:23,Auditory,0,0,,0,0
123,5ce69db8-5356-4e65-8aa2-919ac5c72f0d,10/27/2025 3:10:28 PM,,10/27/2025 3:10:28 PM,,89641,,3/29/2025 6:00:00 PM,Lead,David Bontrager,,Day 1 Random,,,16.8,,,13:25,13:30,,0,0,,0,0
124,77af15e7-8793-4a9b-827e-257e65127da3,10/27/2025 3:11:28 PM,,10/27/2025 3:11:28 PM,,89628,,3/29/2025 6:00:00 PM,Lead,David Bontrager,,Day 1 Random,,,9.8,,,12:24,12:29,,0,0,,0,0
125,cc2b7175-22a2-40e7-8aa2-c421e7d8dcb3,10/27/2025 3:13:09 PM,,10/27/2025 3:13:09 PM,,SSHPLA4,,3/25/2025 6:00:00 PM,Lead,David Bontrager,,Day 1 Random,,,11.1,,,15:10,15:15,,0,0,,0,0
126,63752512-d424-4f2e-8a42-c7cf8e0f8264,10/27/2025 3:14:21 PM,,10/27/2025 3:14:21 PM,,81215,,10/29/2025 6:00:00 PM,Lead,David Bontrager,,Day 1 Random,,,12.7,,,11:03,11:08,,0,0,,0,0
127,c3b177b1-0424-4efd-8384-54df6a4970a4,10/27/2025 3:15:37 PM,,10/27/2025 3:15:37 PM,,81215,,10/29/2025 6:00:00 PM,Technician,Sydney Smith,,Day 1 Transect,,235,,,,10:54,10:59,,0,0,,0,0
128,4253d4c8-ae6b-4214-890f-ed5b8ee1aded,10/27/2025 3:16:04 PM,,10/27/2025 3:16:04 PM,,81215,,3/29/2025 6:00:00 PM,Technician,Sydney Smith,,Day 1 Random,,,,,,11:03,11:08,,0,0,,0,0
129,b7ca1973-81f2-4a67-8eb1-904ec12702f6,10/27/2025 3:17:09 PM,,10/27/2025 3:17:09 PM,,89628,,3/29/2025 6:00:00 PM,Technician,Sydney Smith,,Day 1 Transect,,203,,,,12:16,12:21,,0,0,,0,0
130,fb931a81-558f-4785-887b-75447ae50016,10/27/2025 3:17:40 PM,,10/27/2025 3:17:40 PM,,89628,,3/29/2025 6:00:00 PM,Technician,Sydney Smith,,Day 1 Random,,,,,,12:24,12:29,,0,0,,0,0
131,3f5e67c6-74dc-4dc6-8978-722ac14040a9,10/27/2025 3:18:44 PM,,10/27/2025 3:18:44 PM,,89641,,3/29/2025 6:00:00 PM,Technician,Sydney Smith,,Day 1 Transect,,227,,,,13:15,13:20,,0,0,,0,0
132,81f562a6-8db9-47f4-8540-96f2baaa6bd4,10/27/2025 3:19:15 PM,,10/27/2025 3:19:15 PM,,89641,,3/29/2025 6:00:00 PM,Technician,Sydney Smith,,Day 1 Random,,,,,,13:25,13:30,,0,0,,0,0
133,da682ab3-9296-42b2-8993-98616e508af2,10/27/2025 3:20:42 PM,,10/27/2025 3:20:42 PM,,89654,,3/29/2025 6:00:00 PM,Technician,Sydney Smith,,Day 1 Transect,,80,,,,14:01,14:06,,0,0,,0,0
134,9f3e55b4-cb72-4568-8ce5-a083c76ab6e7,10/27/2025 3:21:25 PM,,10/27/2025 3:21:25 PM,,89654,,3/29/2025 6:00:00 PM,Technician,Sydney Smith,,Day 1 Random,,,,,,14:07,14:12,,0,0,,0,0
135,935f2e23-4054-4619-8937-68e7688465d8,10/27/2025 3:22:34 PM,,10/27/2025 3:22:34 PM,,89850,,3/30/2025 6:00:00 PM,Technician,Stefanie Buxel,,Day 2 Random,,,,,,10:31,10:40,Auditory,0,0,,0,0
136,d63587de-ddea-44b8-881b-5890b7ecacd1,10/27/2025 3:23:36 PM,,10/27/2025 3:23:36 PM,,GS12H,,3/30/2025 6:00:00 PM,Technician,Stefanie Buxel,,Day 2 Random,,,,,,11:29,11:34,,0,0,,0,0
137,e2957f64-a91e-4b48-8949-5b8acd35df1a,10/27/2025 3:24:27 PM,,10/27/2025 3:24:27 PM,,81463,,3/30/2025 6:00:00 PM,Technician,Stefanie Buxel,,Day 2 Random,,,,,,12:27,12:32,,0,0,,0,0
138,f0314222-5d68-48f8-8fd7-c23ee5c0fe58,10/27/2025 3:25:38 PM,,10/27/2025 3:25:38 PM,,121115,,3/30/2025 6:00:00 PM,Technician,Stefanie Buxel,,Day 2 Random,,,,,,14:28,14:33,,0,0,"Flags missing, transect removed",0,0
139,997b8578-8f5d-4fad-8fd2-79a03504355e,10/27/2025 3:26:47 PM,,10/27/2025 3:26:47 PM,,112702,,3/30/2025 6:00:00 PM,Technician,Stefanie Buxel,,Day 2 Random,,,,,,16:00,16:05,,0,0,,0,0
140,0399170a-881e-497b-8b2f-000117e61829,11/16/2025 9:10:06 PM,LILLIESCOFIELD@boisestate.edu_boisestate,11/16/2025 9:10:06 PM,LILLIESCOFIELD@boisestate.edu_boisestate,121115,,3/30/2025 6:00:00 PM,Lead,David Bontrager,,Day 2 Random,,,8.8,,,14:28,14:33,,0,0,"Flags stolen, 4 flags recovered",0,0
141,a98199a0-a84d-430a-8736-decd9b2ad4a8,11/16/2025 9:12:18 PM,LILLIESCOFIELD@boisestate.edu_boisestate,11/16/2025 9:12:18 PM,LILLIESCOFIELD@boisestate.edu_boisestate,112702,,3/30/2025 6:00:00 PM,Lead,David Bontrager,,Day 2 Random,,,8,,,16:00,16:05,,0,0,,0,0
142,ab2fb639-6872-43f6-8878-55163ce60639,11/16/2025 9:18:33 PM,LILLIESCOFIELD@boisestate.edu_boisestate,11/16/2025 9:18:33 PM,LILLIESCOFIELD@boisestate.edu_boisestate,81463,,3/30/2025 6:00:00 PM,Lead,David Bontrager,,Day 2 Random,,,12.8,,,12:27,12:32,,0,0,,0,0
143,77eaa220-3947-45e0-8bcd-ba6acab72710,11/16/2025 9:19:21 PM,LILLIESCOFIELD@boisestate.edu_boisestate,11/16/2025 9:19:21 PM,LILLIESCOFIELD@boisestate.edu_boisestate,GS12H,,3/30/2025 6:00:00 PM,Lead,David Bontrager,,Day 2 Random,,,8.7,,,11:29,11:34,,0,0,,0,0
144,2b30c812-5feb-4c70-8580-d642395ed466,11/16/2025 9:56:16 PM,LILLIESCOFIELD@boisestate.edu_boisestate,11/16/2025 9:56:16 PM,LILLIESCOFIELD@boisestate.edu_boisestate,89850,,3/30/2025 6:00:00 PM,Lead,David Bontrager,,Day 2 Random,,,11.5,,,10:31,10:36,,0,0,,0,0
145,9d85d293-0452-42e8-8ad7-7c26a707bc53,11/16/2025 9:58:04 PM,LILLIESCOFIELD@boisestate.edu_boisestate,11/16/2025 9:58:04 PM,LILLIESCOFIELD@boisestate.edu_boisestate,89654,,3/29/2025 6:00:00 PM,Lead,David Bontrager,,Day 1 Random,,,15.2,,,14:07,14:12,,0,0,,0,0
146,cf0647b7-264b-4ce0-8885-ac43a883f08c,11/16/2025 10:18:08 PM,LILLIESCOFIELD@boisestate.edu_boisestate,11/16/2025 10:18:08 PM,LILLIESCOFIELD@boisestate.edu_boisestate,EXAN1,,3/10/2025 6:00:00 PM,Lead,David Bontrager,,Day 1 Random,,,13.2,,,15:00,15:03,Auditory,0,0,Mapped with Avenza,0,0
147,678beeb9-4538-4684-82f5-06e08d191935,11/16/2025 10:19:59 PM,LILLIESCOFIELD@boisestate.edu_boisestate,11/16/2025 10:19:59 PM,LILLIESCOFIELD@boisestate.edu_boisestate,EXAN1,,3/10/2025 6:00:00 PM,Technician,Lillie Scofield,,Day 1 Transect,YES,340,,,,14:52,15:00,,0,0,,0,0
148,a5f0eb46-b0d0-46fd-85b3-6ea174cd6f03,11/16/2025 10:20:31 PM,LILLIESCOFIELD@boisestate.edu_boisestate,11/16/2025 10:20:31 PM,LILLIESCOFIELD@boisestate.edu_boisestate,EXAN1,,3/10/2025 6:00:00 PM,Technician,Lillie Scofield,,Day 1 Random,,,,,,15:00,15:03,Auditory,0,0,,0,0
149,3968ac19-e538-43bb-8621-64d4dc25511e,11/16/2025 10:21:50 PM,LILLIESCOFIELD@boisestate.edu_boisestate,11/16/2025 10:21:50 PM,LILLIESCOFIELD@boisestate.edu_boisestate,74185,,3/11/2025 6:00:00 PM,Lead,David Bontrager,,Day 1 Random,,,2.5,,,13:18,15:20,Auditory,0,0,,0,0
150,0093c6a3-eb14-45c9-825d-12d31cb6feeb,11/16/2025 10:23:18 PM,LILLIESCOFIELD@boisestate.edu_boisestate,11/16/2025 10:23:18 PM,LILLIESCOFIELD@boisestate.edu_boisestate,SRHALP5,,3/11/2025 6:00:00 PM,Technician,Dylan Hendry,,Day 1 Transect,YES,265,,,,11:40,11:40,Auditory,0,0,,0,0
151,d6e1f6b1-2903-48e2-849e-eb1618a12e8a,11/16/2025 10:24:55 PM,LILLIESCOFIELD@boisestate.edu_boisestate,11/16/2025 10:24:55 PM,LILLIESCOFIELD@boisestate.edu_boisestate,96959,,3/12/2025 6:00:00 PM,Technician,Dylan Hendry,,Day 1 Transect,YES,319,,,,16:07,16:15,,0,0,,0,0
152,ba736def-b903-485e-8b46-5e9063905923,11/16/2025 10:25:33 PM,LILLIESCOFIELD@boisestate.edu_boisestate,11/16/2025 10:25:33 PM,LILLIESCOFIELD@boisestate.edu_boisestate,96959,,3/12/2025 6:00:00 PM,Technician,Dylan Hendry,,Day 1 Random,,,,,,16:15,16:16,Active burrow,0,0,,0,0
153,374c461a-383d-4914-83b9-0db92b980f80,11/16/2025 10:26:45 PM,LILLIESCOFIELD@boisestate.edu_boisestate,11/16/2025 10:26:45 PM,LILLIESCOFIELD@boisestate.edu_boisestate,105346,,3/12/2025 6:00:00 PM,Technician,Dylan Hendry,,Day 1 Transect,YES,245,,,,14:56,15:04,,0,0,,0,0
154,bac72cdf-49ac-43e2-8a40-04f2adee04dc,11/16/2025 10:27:13 PM,LILLIESCOFIELD@boisestate.edu_boisestate,11/16/2025 10:27:13 PM,LILLIESCOFIELD@boisestate.edu_boisestate,105346,,3/12/2025 6:00:00 PM,Technician,Dylan Hendry,,Day 1 Random,,,,,,15:04,15:09,,0,0,,0,0
155,3d2cde4e-d4fe-40ad-80a9-6f721fa29d37,11/16/2025 10:28:54 PM,LILLIESCOFIELD@boisestate.edu_boisestate,11/16/2025 10:28:54 PM,LILLIESCOFIELD@boisestate.edu_boisestate,105346,,3/12/2025 6:00:00 PM,Lead,David Bontrager,,Day 1 Random,,,8.8,,,15:04,15:09,,0,0,,0,0
156,a5f780b9-a97b-44cd-836d-c13f2bcb4423,11/16/2025 10:30:21 PM,LILLIESCOFIELD@boisestate.edu_boisestate,11/16/2025 10:30:21 PM,LILLIESCOFIELD@boisestate.edu_boisestate,105333,,3/12/2025 6:00:00 PM,Lead,David Bontrager,,Day 1 Random,,,7.6,,,14:20,14:25,,0,0,,0,0
157,24deee18-f8f4-4d6f-81d3-14db10833ab3,11/16/2025 10:38:16 PM,LILLIESCOFIELD@boisestate.edu_boisestate,11/16/2025 10:38:16 PM,LILLIESCOFIELD@boisestate.edu_boisestate,105333,,3/12/2025 6:00:00 PM,Technician,Dylan Hendry,,Day 1 Transect,YES,250,,,,14:12,14:20,,0,0,,0,0
158,f38685c9-d3c3-40a9-8119-310292b345c0,11/16/2025 10:39:09 PM,LILLIESCOFIELD@boisestate.edu_boisestate,11/16/2025 10:39:09 PM,LILLIESCOFIELD@boisestate.edu_boisestate,105333,,3/12/2025 6:00:00 PM,Technician,Dylan Hendry,,Day 1 Random,,,,,,14:20,14:25,,0,0,,0,0
159,a6688f3d-7c07-4813-8632-f3b9bfb1c34b,11/16/2025 10:40:46 PM,LILLIESCOFIELD@boisestate.edu_boisestate,11/16/2025 10:40:46 PM,LILLIESCOFIELD@boisestate.edu_boisestate,81359,,3/12/2025 6:00:00 PM,Technician,Dylan Hendry,,Day 1 Transect,YES,10,,,,11:03,11:12,,0,0,,0,0
160,fce3e828-5934-40ee-833b-674d4a741420,11/16/2025 10:42:05 PM,LILLIESCOFIELD@boisestate.edu_boisestate,11/16/2025 10:42:05 PM,LILLIESCOFIELD@boisestate.edu_boisestate,81359,,3/12/2025 6:00:00 PM,Technician,Dylan Hendry,,Day 1 Random,,,,,,11:12,11:17,,0,0,,0,0
161,dd9bc8a6-0a1f-47b5-873d-854126d96cb7,11/16/2025 10:43:31 PM,LILLIESCOFIELD@boisestate.edu_boisestate,11/16/2025 10:43:31 PM,LILLIESCOFIELD@boisestate.edu_boisestate,96933,,3/12/2025 6:00:00 PM,Technician,Dylan Hendry,,Day 1 Transect,YES,338,,,,13:07,13:16,,0,0,,0,0
162,4d503900-af63-40aa-8d47-3ffeaeeb5439,11/16/2025 10:45:11 PM,LILLIESCOFIELD@boisestate.edu_boisestate,11/16/2025 10:45:11 PM,LILLIESCOFIELD@boisestate.edu_boisestate,96933,,3/12/2025 6:00:00 PM,Technician,Dylan Hendry,,Day 1 Random,,,,,,13:16,13:21,,0,0,,0,0
163,371f36c5-78b2-4e7c-8b36-ba1955fa53ac,11/16/2025 10:46:05 PM,LILLIESCOFIELD@boisestate.edu_boisestate,11/16/2025 10:46:05 PM,LILLIESCOFIELD@boisestate.edu_boisestate,96933,,3/12/2025 6:00:00 PM,Lead,David Bontrager,,Day 1 Random,,,10.6,,,13:16,13:21,,0,0,,0,0
164,12eb7d4a-3304-458a-8f33-e1bdda8d8e2d,11/16/2025 10:47:10 PM,LILLIESCOFIELD@boisestate.edu_boisestate,11/16/2025 10:47:10 PM,LILLIESCOFIELD@boisestate.edu_boisestate,81359,,3/12/2025 6:00:00 PM,Lead,David Bontrager,,Day 1 Random,,,7.8,,,11:12,11:15,Active burrow,0,0,,0,0
165,3b9a59df-fd17-4452-8042-5aad47170a54,11/16/2025 10:49:43 PM,LILLIESCOFIELD@boisestate.edu_boisestate,11/16/2025 10:49:43 PM,LILLIESCOFIELD@boisestate.edu_boisestate,89720,,4/5/2025 6:00:00 PM,Technician,Lillie Scofield,,Day 2 Random,,,,,,13:19,13:24,,0,0,,0,0
166,49e90414-37d0-4b4a-8ffd-fac3fbee5799,11/16/2025 10:50:37 PM,LILLIESCOFIELD@boisestate.edu_boisestate,11/16/2025 10:50:37 PM,LILLIESCOFIELD@boisestate.edu_boisestate,BAPR1,,4/5/2025 6:00:00 PM,Technician,Lillie Scofield,,Day 2 Random,,,,,,14:10,14:15,,0,0,,0,0
167,7a240f36-104c-4950-8b7e-0462197356a4,11/16/2025 10:52:41 PM,LILLIESCOFIELD@boisestate.edu_boisestate,11/16/2025 10:52:41 PM,LILLIESCOFIELD@boisestate.edu_boisestate,SSHALP1,,4/6/2025 6:00:00 PM,Technician,Lillie Scofield,,Day 2 Random,,,,,,11:57,12:02,,0,0,,0,0
168,34b9da3a-51f3-4d5e-8819-75fa1f139dad,11/16/2025 10:54:30 PM,LILLIESCOFIELD@boisestate.edu_boisestate,11/16/2025 10:54:30 PM,LILLIESCOFIELD@boisestate.edu_boisestate,BAPR2,,4/5/2025 6:00:00 PM,Technician,Lillie Scofield,,Day 2 Random,,,,,,14:50,14:55,,0,0,,0,0
169,c28189dd-e61b-47a6-82fe-0e6cfe906614,11/16/2025 10:57:39 PM,LILLIESCOFIELD@boisestate.edu_boisestate,11/16/2025 10:57:39 PM,LILLIESCOFIELD@boisestate.edu_boisestate,50041,,4/6/2025 6:00:00 PM,Technician,Lillie Scofield,,Day 2 Random,,,,,,09:28,09:33,,0,0,,0,0
170,e64e8e3d-b9f1-4113-8141-7bbda4977138,11/16/2025 11:01:49 PM,LILLIESCOFIELD@boisestate.edu_boisestate,11/16/2025 11:01:49 PM,LILLIESCOFIELD@boisestate.edu_boisestate,81320,,4/5/2025 6:00:00 PM,Technician,Lillie Scofield,,Day 2 Random,,,,,,12:36,12:41,,0,0,,0,0
171,086b0298-e73d-4731-8cc3-d5c7c8e1ee46,11/16/2025 11:04:40 PM,LILLIESCOFIELD@boisestate.edu_boisestate,11/16/2025 11:04:40 PM,LILLIESCOFIELD@boisestate.edu_boisestate,58507,,4/5/2025 6:00:00 PM,Technician,Lillie Scofield,,Day 2 Random,,,,,,10:36,10:41,,0,0,,0,0
172,c6f08f94-d675-4663-81f5-99c2240dc207,11/16/2025 11:07:15 PM,LILLIESCOFIELD@boisestate.edu_boisestate,11/16/2025 11:07:15 PM,LILLIESCOFIELD@boisestate.edu_boisestate,50067,,4/6/2025 6:00:00 PM,Technician,Lillie Scofield,,Day 2 Random,,,,,,11:11,11:16,,0,0,Flushed short eared owl,0,0
173,82c3b2c1-db35-427c-8fa8-94ac83bd7cae,11/16/2025 11:07:50 PM,LILLIESCOFIELD@boisestate.edu_boisestate,11/16/2025 11:07:50 PM,LILLIESCOFIELD@boisestate.edu_boisestate,50054,,4/6/2025 6:00:00 PM,Technician,Lillie Scofield,,Day 2 Random,,,,,,10:10,10:15,,0,0,,0,0
174,ad212a9d-e4ed-4964-86c1-ee5e16369b28,11/16/2025 11:10:51 PM,LILLIESCOFIELD@boisestate.edu_boisestate,11/16/2025 11:10:51 PM,LILLIESCOFIELD@boisestate.edu_boisestate,49950,,3/13/2025 6:00:00 PM,Lead,Mariah Hoel,,Day 1 Random,,,21.6,,,10:21,10:26,,0,0,Cows at the site,0,0
175,6b9157e4-4e9d-4cc3-855f-78800b219241,11/16/2025 11:14:14 PM,LILLIESCOFIELD@boisestate.edu_boisestate,11/16/2025 11:14:14 PM,LILLIESCOFIELD@boisestate.edu_boisestate,POSE1,,3/13/2025 6:00:00 PM,Lead,Mariah Hoel,,Day 1 Random,,,13.7,,,12:11,12:16,,0,0,,0,0
176,cd1d7e7c-bf76-464d-84c5-becd27925318,11/16/2025 11:22:04 PM,LILLIESCOFIELD@boisestate.edu_boisestate,11/16/2025 11:22:04 PM,LILLIESCOFIELD@boisestate.edu_boisestate,96880,,3/18/2025 6:00:00 PM,Lead,Mariah Hoel,,Day 1 Random,,,23.8,,,11:05,11:10,,0,0,,0,0
177,6a441314-366c-45af-80b7-f5d9564125a1,11/16/2025 11:24:17 PM,LILLIESCOFIELD@boisestate.edu_boisestate,11/16/2025 11:24:17 PM,LILLIESCOFIELD@boisestate.edu_boisestate,96867,,3/18/2025 6:00:00 PM,Lead,Mariah Hoel,,Day 1 Random,,,16.8,,,12:20,12:25,,0,0,,0,0
178,b5019cad-8043-4088-82cc-548fec04a23d,11/16/2025 11:25:22 PM,LILLIESCOFIELD@boisestate.edu_boisestate,11/16/2025 11:25:22 PM,LILLIESCOFIELD@boisestate.edu_boisestate,112520,,3/18/2025 6:00:00 PM,Lead,Mariah Hoel,,Day 1 Random,,,11.8,,,16:17,16:22,,0,0,,0,0
179,8ad74ea9-964c-4b2c-8dc2-820287716219,11/16/2025 11:30:27 PM,LILLIESCOFIELD@boisestate.edu_boisestate,11/16/2025 11:30:27 PM,LILLIESCOFIELD@boisestate.edu_boisestate,96854,,3/18/2025 6:00:00 PM,Lead,Mariah Hoel,,Day 1 Random,,,17.6,,,13:17,13:22,,0,0,,0,0
180,2dbbaaf4-c7b6-4952-816e-8716ad600c17,11/16/2025 11:39:01 PM,LILLIESCOFIELD@boisestate.edu_boisestate,11/16/2025 11:39:01 PM,LILLIESCOFIELD@boisestate.edu_boisestate,121076,,3/23/2025 6:00:00 PM,Lead,Mariah Hoel,,Day 1 Random,,,5,,,12:29,12:34,,0,0,,0,0
181,69174e6f-9424-4c4a-8a0b-deae7be31c8b,11/16/2025 11:39:47 PM,LILLIESCOFIELD@boisestate.edu_boisestate,11/16/2025 11:39:47 PM,LILLIESCOFIELD@boisestate.edu_boisestate,121063,,3/23/2025 6:00:00 PM,Lead,Mariah Hoel,,Day 1 Random,,,4.4,,,11:28,11:33,,0,0,,0,0
182,c1744866-7fb3-457a-883e-871486c5abe3,11/17/2025 12:06:48 AM,LILLIESCOFIELD@boisestate.edu_boisestate,11/17/2025 12:06:48 AM,LILLIESCOFIELD@boisestate.edu_boisestate,105293,,3/19/2025 6:00:00 PM,Technician,Stefanie Buxel,,Day 1 Transect,YES,180,,,,11:02,11:12,,0,0,,0,0
183,764732d3-ee0d-45e2-896c-b0e2ba7b137a,11/17/2025 12:59:04 AM,LILLIESCOFIELD@boisestate.edu_boisestate,11/17/2025 12:59:04 AM,LILLIESCOFIELD@boisestate.edu_boisestate,105293,,3/19/2025 6:00:00 PM,Technician,Stefanie Buxel,,Day 1 Random,,,,,,11:12,11:17,,0,0,"The road connects with S Range. The GPS does not use that route, so navigation is needed.",0,0
184,70ec36fb-ad87-4e8c-8e83-45679e9e66bb,11/17/2025 1:00:54 AM,LILLIESCOFIELD@boisestate.edu_boisestate,11/17/2025 1:00:54 AM,LILLIESCOFIELD@boisestate.edu_boisestate,112520,,3/18/2025 6:00:00 PM,Technician,Stefanie Buxel,,Day 1 Transect,YES,170,,,,16:08,16:17,,0,0,,0,0
185,51c6db23-d8e6-4c9d-8863-986270ddbc20,11/17/2025 1:01:39 AM,LILLIESCOFIELD@boisestate.edu_boisestate,11/17/2025 1:01:39 AM,LILLIESCOFIELD@boisestate.edu_boisestate,112520,,3/18/2025 6:00:00 PM,Technician,Stefanie Buxel,,Day 1 Random,,,,,,16:17,16:22,,0,0,,0,0
186,404314f2-1258-4057-86b3-6549a2e0308c,11/17/2025 1:03:44 AM,LILLIESCOFIELD@boisestate.edu_boisestate,11/17/2025 1:03:44 AM,LILLIESCOFIELD@boisestate.edu_boisestate,96854,,3/18/2025 6:00:00 PM,Technician,Stefanie Buxel,,Day 1 Transect,YES,270,,,,13:02,13:16,,0,0,It hailed just as the transect was completed,0,0
187,4732d4e3-eccd-485b-852f-965d2ff2328c,11/17/2025 1:05:10 AM,LILLIESCOFIELD@boisestate.edu_boisestate,11/17/2025 1:05:10 AM,LILLIESCOFIELD@boisestate.edu_boisestate,96854,,3/18/2025 6:00:00 PM,Technician,Stefanie Buxel,,Day 1 Random,,,,,,13:16,13:21,,0,0,It hailed just after the transect was completed. We waited until it was finished before the random search.,0,0
188,483a828f-93f9-49e4-89be-baa414eae21d,11/17/2025 1:05:59 AM,LILLIESCOFIELD@boisestate.edu_boisestate,11/17/2025 1:05:59 AM,LILLIESCOFIELD@boisestate.edu_boisestate,96867,,3/18/2025 6:00:00 PM,Technician,Stefanie Buxel,,Day 1 Transect,YES,340,,,,12:08,12:19,,0,0,,0,0
189,3bd885c0-4db6-438b-8d8a-7b57cf3906be,11/17/2025 1:06:25 AM,LILLIESCOFIELD@boisestate.edu_boisestate,11/17/2025 1:06:25 AM,LILLIESCOFIELD@boisestate.edu_boisestate,96867,,3/18/2025 6:00:00 PM,Technician,Stefanie Buxel,,Day 1 Random,,,,,,12:19,12:24,,0,0,,0,0
190,dfbcf17f-e596-4eea-8702-423a100073a5,11/17/2025 1:07:34 AM,LILLIESCOFIELD@boisestate.edu_boisestate,11/17/2025 1:07:34 AM,LILLIESCOFIELD@boisestate.edu_boisestate,96880,,3/18/2025 6:00:00 PM,Technician,Stefanie Buxel,,Day 1 Transect,YES,0,,,,10:48,11:05,,0,0,,0,0
191,16d6499d-a191-4933-8e91-11d30869bbee,11/17/2025 1:07:58 AM,LILLIESCOFIELD@boisestate.edu_boisestate,11/17/2025 1:07:58 AM,LILLIESCOFIELD@boisestate.edu_boisestate,96880,,3/18/2025 6:00:00 PM,Technician,Stefanie Buxel,,Day 1 Random,,,,,,11:05,11:10,,0,0,,0,0
192,3c49d978-90fa-461d-88c3-17c83040add0,11/17/2025 1:09:04 AM,LILLIESCOFIELD@boisestate.edu_boisestate,11/17/2025 1:09:04 AM,LILLIESCOFIELD@boisestate.edu_boisestate,96893,,3/18/2025 6:00:00 PM,Technician,Stefanie Buxel,,Day 1 Transect,YES,0,,,,09:58,10:08,,0,0,,0,0
193,506f41e1-19a3-49e4-8ed1-912edcf30637,11/17/2025 1:09:32 AM,LILLIESCOFIELD@boisestate.edu_boisestate,11/17/2025 1:09:32 AM,LILLIESCOFIELD@boisestate.edu_boisestate,96893,,3/18/2025 6:00:00 PM,Technician,Stefanie Buxel,,Day 1 Random,,,,,,10:08,10:13,,0,0,,0,0
194,0c49522d-b124-4802-8fa8-564514260875,11/17/2025 1:12:21 AM,LILLIESCOFIELD@boisestate.edu_boisestate,11/17/2025 1:12:21 AM,LILLIESCOFIELD@boisestate.edu_boisestate,49950,,3/16/2025 6:00:00 PM,Technician,Stefanie Buxel,,Day 1 Transect,YES,270,,,,10:09,10:20,,0,0,Cows around the transect,0,0
195,c34ae788-394c-4ba6-83d3-da938dd46ae3,11/17/2025 1:12:57 AM,LILLIESCOFIELD@boisestate.edu_boisestate,11/17/2025 1:12:57 AM,LILLIESCOFIELD@boisestate.edu_boisestate,49950,,3/16/2025 6:00:00 PM,Technician,Stefanie Buxel,,Day 1 Random,,,,,,10:20,10:25,,0,0,Cows around the transect,0,0
196,6c2983e1-7b2f-4060-87bf-9021a96b33ab,11/17/2025 1:15:09 AM,LILLIESCOFIELD@boisestate.edu_boisestate,11/17/2025 1:15:09 AM,LILLIESCOFIELD@boisestate.edu_boisestate,POSE1,,3/16/2025 6:00:00 PM,Technician,Stefanie Buxel,,Day 1 Transect,YES,180,,,,12:00,12:10,,0,0,Redo from last week,0,0
197,29dddcb7-21f2-4b59-826f-cad478b1a076,11/17/2025 1:15:44 AM,LILLIESCOFIELD@boisestate.edu_boisestate,11/17/2025 1:15:44 AM,LILLIESCOFIELD@boisestate.edu_boisestate,POSE1,,3/16/2025 6:00:00 PM,Technician,Stefanie Buxel,,Day 1 Random,,,,,,12:10,12:15,,0,0,Redo from last week,0,0
198,5f6454ca-61b3-41e7-845f-c4b51b31b83d,11/17/2025 1:18:51 AM,LILLIESCOFIELD@boisestate.edu_boisestate,11/17/2025 1:18:51 AM,LILLIESCOFIELD@boisestate.edu_boisestate,89707,,3/12/2025 6:00:00 PM,Technician,Stefanie Buxel,,Day 1 Transect,YES,342,,,,09:49,10:03,,0,0,Pronghorn present around transect,0,0
199,a755cb9c-811f-4b7f-87bf-f6231d796b57,11/17/2025 1:19:35 AM,LILLIESCOFIELD@boisestate.edu_boisestate,11/17/2025 1:19:35 AM,LILLIESCOFIELD@boisestate.edu_boisestate,89707,,3/12/2025 6:00:00 PM,Technician,Stefanie Buxel,,Day 1 Random,,,,,,10:03,10:08,,0,0,Pronghorn present around the transect,0,0
200,9aca217a-9863-4f44-809a-2604106c0d11,11/17/2025 1:20:53 AM,LILLIESCOFIELD@boisestate.edu_boisestate,11/17/2025 1:20:53 AM,LILLIESCOFIELD@boisestate.edu_boisestate,89707,,3/12/2025 6:00:00 PM,Lead,Mariah Hoel,,Day 1 Random,,,5.7,,,10:03,10:08,,0,0,,0,0
201,5c40d79e-ed3b-44cc-83fc-dc852baa6c6a,11/17/2025 1:23:43 AM,LILLIESCOFIELD@boisestate.edu_boisestate,11/17/2025 1:23:43 AM,LILLIESCOFIELD@boisestate.edu_boisestate,GS17H,,3/11/2025 6:00:00 PM,Lead,Mariah Hoel,,Day 1 Random,,,6.4,,,13:02,13:07,,0,0,,0,0
202,da790b76-4162-490c-8f52-8948de0e8f40,11/17/2025 1:26:37 AM,LILLIESCOFIELD@boisestate.edu_boisestate,11/17/2025 1:26:37 AM,LILLIESCOFIELD@boisestate.edu_boisestate,89680,,3/12/2025 6:00:00 PM,Lead,Mariah Hoel,,Day 1 Random,,,6.4,,,11:46,11:51,,0,0,,0,0
203,42055134-e9b7-47e0-8cc1-ef4e6c64d712,11/17/2025 1:27:22 AM,LILLIESCOFIELD@boisestate.edu_boisestate,11/17/2025 1:27:22 AM,LILLIESCOFIELD@boisestate.edu_boisestate,89693,,3/12/2025 6:00:00 PM,Lead,Mariah Hoel,,Day 1 Random,,,12.8,,,10:55,11:00,,0,0,,0,0
204,3fc8eaa2-ddd2-4ec7-850e-614e84467639,11/17/2025 1:29:25 AM,LILLIESCOFIELD@boisestate.edu_boisestate,11/17/2025 1:29:25 AM,LILLIESCOFIELD@boisestate.edu_boisestate,89667,,3/12/2025 6:00:00 PM,Technician,Stefanie Buxel,,Day 1 Transect,YES,90,,,,12:29,12:40,,0,0,,0,0
205,cb30f144-6479-4251-8c8b-d787324e9275,11/17/2025 1:29:55 AM,LILLIESCOFIELD@boisestate.edu_boisestate,11/17/2025 1:29:55 AM,LILLIESCOFIELD@boisestate.edu_boisestate,89667,,3/12/2025 6:00:00 PM,Technician,Stefanie Buxel,,Day 1 Random,,,,,,12:40,12:45,,0,0,,0,0
206,dc1920b4-abf0-428e-88ab-e2be3e8d7f7b,11/17/2025 1:33:07 AM,LILLIESCOFIELD@boisestate.edu_boisestate,11/17/2025 1:33:07 AM,LILLIESCOFIELD@boisestate.edu_boisestate,89667,,3/12/2025 6:00:00 PM,Lead,Stefanie Buxel,,Day 1 Random,,,8.1,,,12:41,12:46,,0,0,,0,0
207,d0b5100d-c3c9-4545-8901-82d4e7af2eba,11/17/2025 1:43:17 AM,LILLIESCOFIELD@boisestate.edu_boisestate,11/17/2025 1:43:17 AM,LILLIESCOFIELD@boisestate.edu_boisestate,121063,,3/23/2025 6:00:00 PM,Technician,Stefanie Buxel,,Day 1 Transect,YES,0,,,,11:18,11:27,,0,0,"Barbed fence near transect, but it's easy to push down",0,0
208,d72247ec-f9e7-43e3-8795-74b240b7559d,11/17/2025 1:44:45 AM,LILLIESCOFIELD@boisestate.edu_boisestate,11/17/2025 1:44:45 AM,LILLIESCOFIELD@boisestate.edu_boisestate,121063,,3/23/2025 6:00:00 PM,Technician,Stefanie Buxel,,Day 1 Random,,,,,,11:27,11:32,,0,0,,0,0
209,c4c01226-cb31-40fc-8728-32b1c6137eb4,11/17/2025 1:45:59 AM,LILLIESCOFIELD@boisestate.edu_boisestate,11/17/2025 1:45:59 AM,LILLIESCOFIELD@boisestate.edu_boisestate,121115,,3/23/2025 6:00:00 PM,Technician,Stefanie Buxel,,Day 1 Transect,YES,90,,,,13:38,13:43,,0,0,,0,0
210,ae55be82-5189-4d57-8500-c315c23e09cd,11/17/2025 1:46:35 AM,LILLIESCOFIELD@boisestate.edu_boisestate,11/17/2025 1:46:35 AM,LILLIESCOFIELD@boisestate.edu_boisestate,121115,,3/23/2025 6:00:00 PM,Technician,Stefanie Buxel,,Day 1 Random,,,,,,13:46,13:51,,0,0,,0,0
211,c672bc63-3a6c-4c7d-801c-e5f89fd70f4b,11/17/2025 1:54:17 AM,LILLIESCOFIELD@boisestate.edu_boisestate,11/17/2025 1:54:17 AM,LILLIESCOFIELD@boisestate.edu_boisestate,121076,,3/23/2025 6:00:00 PM,Technician,Stefanie Buxel,,Day 1 Transect,YES,80,,,,12:19,12:27,,0,0,"Barbed fence, but it can be rolled under",0,0
212,c1f4bd71-9718-4aee-83e8-012af127ff4b,11/17/2025 1:58:55 AM,LILLIESCOFIELD@boisestate.edu_boisestate,11/17/2025 1:58:55 AM,LILLIESCOFIELD@boisestate.edu_boisestate,121076,,3/23/2025 6:00:00 PM,Technician,Stefanie Buxel,,Day 1 Random,,,,,,12:27,12:32,,0,0,,0,0
213,d15c84eb-f0d8-4d82-8597-8b48e9960739,11/17/2025 2:00:05 AM,LILLIESCOFIELD@boisestate.edu_boisestate,11/17/2025 2:00:05 AM,LILLIESCOFIELD@boisestate.edu_boisestate,105320,,3/25/2025 6:00:00 PM,Technician,Dylan Hendry,,Day 1 Transect,YES,294,,,,14:21,14:29,,0,0,,0,0
214,58902661-d8b8-4638-8005-3b40a59cb8ba,11/17/2025 2:00:39 AM,LILLIESCOFIELD@boisestate.edu_boisestate,11/17/2025 2:00:39 AM,LILLIESCOFIELD@boisestate.edu_boisestate,105320,,3/25/2025 6:00:00 PM,Technician,Dylan Hendry,,Day 1 Random,,,,,,14:29,14:34,,0,0,,0,0
215,323242ba-da1d-42e7-81aa-e2136fc524a8,11/17/2025 2:01:28 AM,LILLIESCOFIELD@boisestate.edu_boisestate,11/17/2025 2:01:28 AM,LILLIESCOFIELD@boisestate.edu_boisestate,BAPR1,,3/25/2025 6:00:00 PM,Technician,Dylan Hendry,,Day 1 Transect,YES,180,,,,11:06,11:14,,0,0,,0,0
216,eb5636ba-7492-4bc9-89f4-e94c4a32fe0e,11/17/2025 2:04:48 AM,LILLIESCOFIELD@boisestate.edu_boisestate,11/17/2025 2:04:48 AM,LILLIESCOFIELD@boisestate.edu_boisestate,BAPR1,,3/25/2025 6:00:00 PM,Technician,Dylan Hendry,,Day 1 Random,,,,,,11:14,11:19,,0,0,,0,0
217,58244425-5698-4283-8c5b-c54595bcb0de,11/17/2025 2:07:53 AM,LILLIESCOFIELD@boisestate.edu_boisestate,11/17/2025 2:07:53 AM,LILLIESCOFIELD@boisestate.edu_boisestate,89720,,3/25/2025 6:00:00 PM,Technician,Dylan Hendry,,Day 1 Transect,YES,280,,,,10:01,10:11,,0,0,,0,0
218,ad7d1654-77de-4e17-8fca-03ca86b4fb9d,11/17/2025 2:12:35 AM,LILLIESCOFIELD@boisestate.edu_boisestate,11/17/2025 2:12:35 AM,LILLIESCOFIELD@boisestate.edu_boisestate,89720,,3/25/2025 6:00:00 PM,Technician,Dylan Hendry,,Day 1 Random,,,,,,10:11,10:16,,0,0,,0,0
219,83c23ca8-3503-4d6a-8b91-47da44966854,11/17/2025 2:15:07 AM,LILLIESCOFIELD@boisestate.edu_boisestate,11/17/2025 2:15:07 AM,LILLIESCOFIELD@boisestate.edu_boisestate,81241,,3/24/2025 6:00:00 PM,Technician,Stefanie Buxel,,Day 1 Transect,YES,310,,,,13:38,13:49,,0,0,,0,0
220,9dd25376-76dc-464a-843f-ba38e01f8273,11/17/2025 2:16:34 AM,LILLIESCOFIELD@boisestate.edu_boisestate,11/17/2025 2:16:34 AM,LILLIESCOFIELD@boisestate.edu_boisestate,81241,,3/24/2025 6:00:00 PM,Technician,Stefanie Buxel,,Day 1 Random,,,,,,13:49,13:54,,0,0,,0,0
221,c236f234-1341-4317-83f8-f8056e25615d,11/17/2025 2:19:40 AM,LILLIESCOFIELD@boisestate.edu_boisestate,11/17/2025 2:19:40 AM,LILLIESCOFIELD@boisestate.edu_boisestate,81254,,3/24/2025 6:00:00 PM,Technician,Stefanie Buxel,,Day 1 Transect,YES,170,,,,12:49,13:01,,0,0,"Good badger burrows, there's a potential to have more shrub coverage depending on bearing.",0,0
222,464e14a0-7ff1-4e86-8ce1-8eea206b7a26,11/17/2025 2:20:13 AM,LILLIESCOFIELD@boisestate.edu_boisestate,11/17/2025 2:20:13 AM,LILLIESCOFIELD@boisestate.edu_boisestate,81254,,3/24/2025 6:00:00 PM,Technician,Stefanie Buxel,,Day 1 Random,,,,,,13:01,13:06,,0,0,,0,0
223,3f30d25c-508d-44ef-86c4-7d920a0c87f8,11/17/2025 2:23:40 AM,LILLIESCOFIELD@boisestate.edu_boisestate,11/17/2025 2:23:40 AM,LILLIESCOFIELD@boisestate.edu_boisestate,81320,,3/24/2025 6:00:00 PM,Technician,Stefanie Buxel,,Day 1 Transect,YES,50,,,,11:32,11:43,,0,0,"Large vehicle tracks around the transect, transect moved 10 m due to intersecting tracks.",0,0
224,1515e6e4-ec53-4186-857f-13187a0e1dc6,11/17/2025 2:24:08 AM,LILLIESCOFIELD@boisestate.edu_boisestate,11/17/2025 2:24:08 AM,LILLIESCOFIELD@boisestate.edu_boisestate,81320,,3/24/2025 6:00:00 PM,Technician,Stefanie Buxel,,Day 1 Random,,,,,,11:43,11:48,,0,0,,0,0
225,ca32fa3b-8830-441a-8c1d-7a7caa8e6abd,11/17/2025 2:25:48 AM,LILLIESCOFIELD@boisestate.edu_boisestate,11/17/2025 2:25:48 AM,LILLIESCOFIELD@boisestate.edu_boisestate,58507,,3/24/2025 6:00:00 PM,Technician,Stefanie Buxel,,Day 1 Transect,YES,230,,,,10:20,10:30,,0,0,1 km hike to transect,0,0
226,7de84e47-0c04-424c-8b60-2bb5fba666b9,11/17/2025 2:26:20 AM,LILLIESCOFIELD@boisestate.edu_boisestate,11/17/2025 2:26:20 AM,LILLIESCOFIELD@boisestate.edu_boisestate,58507,,3/24/2025 6:00:00 PM,Technician,Stefanie Buxel,,Day 1 Random,,,,,,10:30,10:35,,0,0,,0,0
227,09030554-2d3c-429f-8c91-2f11dd885608,11/17/2025 2:31:50 AM,LILLIESCOFIELD@boisestate.edu_boisestate,11/17/2025 2:31:50 AM,LILLIESCOFIELD@boisestate.edu_boisestate,81228,,3/24/2025 6:00:00 PM,Technician,Stefanie Buxel,,Day 1 Transect,YES,30,,,,14:27,02:37,,0,0,,0,0
228,2fd30ad2-c38a-4359-8ce5-8621a192cb3d,11/17/2025 2:32:56 AM,LILLIESCOFIELD@boisestate.edu_boisestate,11/17/2025 2:32:56 AM,LILLIESCOFIELD@boisestate.edu_boisestate,81228,,3/24/2025 6:00:00 PM,Technician,Stefanie Buxel,,Day 1 Random,,,,,,14:37,14:42,,0,0,,0,0
229,81e6bd26-6b4e-478a-8f35-19eb46e03665,11/17/2025 2:35:32 AM,LILLIESCOFIELD@boisestate.edu_boisestate,11/17/2025 2:35:32 AM,LILLIESCOFIELD@boisestate.edu_boisestate,58507,,3/24/2025 6:00:00 PM,Lead,Mariah Hoel,,Day 1 Random,,,2.3,,,10:31,10:36,,0,0,,0,0
230,34350057-d7df-420b-878b-50c85f27921e,11/17/2025 2:38:57 AM,LILLIESCOFIELD@boisestate.edu_boisestate,11/17/2025 2:38:57 AM,LILLIESCOFIELD@boisestate.edu_boisestate,121115,,3/23/2025 6:00:00 PM,Lead,Mariah Hoel,,Day 1 Random,,,5.3,,,13:48,13:53,,0,0,,0,0
231,8b17fcd6-033b-4e9b-8066-f5b0f7e1e349,11/17/2025 2:40:38 AM,LILLIESCOFIELD@boisestate.edu_boisestate,11/17/2025 2:40:38 AM,LILLIESCOFIELD@boisestate.edu_boisestate,81254,,3/24/2025 6:00:00 PM,Lead,Mariah Hoel,,Day 1 Random,,,7.8,,,13:03,13:08,,0,0,,0,0
232,cfe7bccd-41d7-440c-8a7e-c2c80c47fd4f,11/17/2025 2:42:31 AM,LILLIESCOFIELD@boisestate.edu_boisestate,11/17/2025 2:42:31 AM,LILLIESCOFIELD@boisestate.edu_boisestate,81320,,3/24/2025 6:00:00 PM,Lead,Mariah Hoel,,Day 1 Random,,,7,,,11:45,11:50,,0,0,Moved 10m north of GPS starting point,0,0
233,52d2d158-7c14-443a-80bd-eadc4b2a8eef,11/17/2025 2:44:35 AM,LILLIESCOFIELD@boisestate.edu_boisestate,11/17/2025 2:44:35 AM,LILLIESCOFIELD@boisestate.edu_boisestate,81228,,3/24/2025 6:00:00 PM,Lead,Mariah Hoel,,Day 1 Random,,,10.6,,,14:38,14:43,,0,0,,0,0
234,f7114cf3-9c24-4dbb-805b-ea56f643e054,11/17/2025 2:47:25 AM,LILLIESCOFIELD@boisestate.edu_boisestate,11/17/2025 2:47:25 AM,LILLIESCOFIELD@boisestate.edu_boisestate,81241,,3/24/2025 6:00:00 PM,Lead,Mariah Hoel,,Day 1 Random,,,12.8,,,13:50,13:55,,0,0,,0,0
235,47f00cf6-0e7b-489e-80ea-9a525f8f8062,11/17/2025 2:50:04 AM,LILLIESCOFIELD@boisestate.edu_boisestate,11/17/2025 2:50:04 AM,LILLIESCOFIELD@boisestate.edu_boisestate,BAPR1,,3/25/2025 6:00:00 PM,Lead,Mariah Hoel,,Day 1 Random,,,10.2,,,11:14,11:19,,0,0,T-post at the starting point,0,0
236,f4daf4f2-8dc2-46a9-8bc0-f3253a13ceb8,11/17/2025 2:51:56 AM,LILLIESCOFIELD@boisestate.edu_boisestate,11/17/2025 2:51:56 AM,LILLIESCOFIELD@boisestate.edu_boisestate,89720,,3/25/2025 6:00:00 PM,Lead,Mariah Hoel,,Day 1 Random,,,7.9,,,10:11,10:16,,0,0,,0,0
237,a6b9d10a-a6ab-447f-85fd-afb6dd9ce076,11/17/2025 2:52:54 AM,LILLIESCOFIELD@boisestate.edu_boisestate,11/17/2025 2:52:54 AM,LILLIESCOFIELD@boisestate.edu_boisestate,BAPR2,,3/25/2025 6:00:00 PM,Lead,Mariah Hoel,,Day 1 Random,,,9.7,,,12:08,12:13,,0,0,T-post at the starting point,0,0
238,d8d193e9-b3a4-406c-8d29-336c518c3e7e,11/17/2025 2:54:37 AM,LILLIESCOFIELD@boisestate.edu_boisestate,11/17/2025 2:54:37 AM,LILLIESCOFIELD@boisestate.edu_boisestate,105320,,3/25/2025 6:00:00 PM,Lead,Mariah Hoel,,Day 1 Random,,,13.1,,,14:29,14:34,,0,0,,0,0
239,231c269a-c05f-4411-8696-ea2b6c6e00b5,11/17/2025 2:56:07 AM,LILLIESCOFIELD@boisestate.edu_boisestate,11/17/2025 2:56:07 AM,LILLIESCOFIELD@boisestate.edu_boisestate,GS14M,,3/20/2025 6:00:00 PM,Technician,Stefanie Buxel,,Day 1 Transect,YES,270,,,,11:10,11:19,,0,0,,0,0
240,417e4208-c199-4f55-883b-9bf183cf4274,11/17/2025 2:56:34 AM,LILLIESCOFIELD@boisestate.edu_boisestate,11/17/2025 2:56:34 AM,LILLIESCOFIELD@boisestate.edu_boisestate,GS14M,,3/20/2025 6:00:00 PM,Technician,Stefanie Buxel,,Day 1 Random,,,,,,11:19,11:24,,0,0,,0,0
241,8c59bf33-a235-45fc-8448-6b14fec6a7f1,11/17/2025 3:53:10 AM,LILLIESCOFIELD@boisestate.edu_boisestate,11/17/2025 3:53:10 AM,LILLIESCOFIELD@boisestate.edu_boisestate,105489,,3/20/2025 6:00:00 PM,Technician,Stefanie Buxel,,Day 1 Transect,YES,100,,,,12:02,12:10,,0,0,"Squirrels running across the road less than a mile from the site, with fresh burrows",0,0
242,4fbd58cf-dca2-49dd-8ca3-3bdf3ee1a13d,11/17/2025 3:54:06 AM,LILLIESCOFIELD@boisestate.edu_boisestate,11/17/2025 3:54:06 AM,LILLIESCOFIELD@boisestate.edu_boisestate,105489,,3/20/2025 6:00:00 PM,Technician,Stefanie Buxel,,Day 1 Random,,,,,,12:10,12:16,Fresh scat,1,0,,0,0
243,d37a29c7-cb03-4345-82f9-6c755889d962,11/17/2025 3:55:25 AM,LILLIESCOFIELD@boisestate.edu_boisestate,11/17/2025 11:12:10 PM,JENCRUZ@boisestate.edu_boisestate,GS14M,,3/20/2025 6:00:00 PM,Lead,Mariah Hoel,,Day 1 Random,,,31,,,11:19,11:24,,0,0,,0,0
244,0a0b983c-07c7-48f1-8b3e-218d1888ada8,11/17/2025 3:57:02 AM,LILLIESCOFIELD@boisestate.edu_boisestate,11/17/2025 3:57:02 AM,LILLIESCOFIELD@boisestate.edu_boisestate,GS14M,,3/19/2025 6:00:00 PM,Lead,Mariah Hoel,,Day 1 Random,,,9.9,,,11:14,11:19,,0,0,"Come off of range road, not simplot.",0,0
245,c1524c01-5dce-4137-881e-346999caa4d8,11/17/2025 4:00:52 AM,LILLIESCOFIELD@boisestate.edu_boisestate,11/17/2025 4:00:52 AM,LILLIESCOFIELD@boisestate.edu_boisestate,105489,,3/20/2025 6:00:00 PM,Lead,Mariah Hoel,,Day 1 Random,,,16.7,,,12:12,12:16,Fresh scat,1,0,,0,0
246,15aa708c-fcb2-4097-89f6-39c17ec27f17,11/17/2025 4:03:11 AM,LILLIESCOFIELD@boisestate.edu_boisestate,11/17/2025 4:03:11 AM,LILLIESCOFIELD@boisestate.edu_boisestate,105489,,3/20/2025 6:00:00 PM,Technician,Stefanie Buxel,,Day 1 Transect,YES,100,,,,12:02,12:10,,0,0,Ground squirrels running across the road less then 1 mile away,0,0
247,119084e3-18de-4832-8ba6-2ec5495eaa74,11/17/2025 4:04:03 AM,LILLIESCOFIELD@boisestate.edu_boisestate,11/17/2025 4:04:03 AM,LILLIESCOFIELD@boisestate.edu_boisestate,105489,,3/20/2025 6:00:00 PM,Technician,Stefanie Buxel,,Day 1 Random,,,,,,12:10,12:16,Fresh scat,1,0,,0,0
248,58a97380-4eb0-4f5a-8362-b08ade3b2387,11/17/2025 4:06:42 AM,LILLIESCOFIELD@boisestate.edu_boisestate,11/17/2025 4:06:42 AM,LILLIESCOFIELD@boisestate.edu_boisestate,27137,,3/9/2025 6:00:00 PM,Technician,Stefanie Buxel,,Day 1 Transect,YES,212,,,,10:42,10:49,Auditory,0,0,4 raptors were above the transect,0,0
249,e5f62099-bdb1-4fb9-8a3c-96a46177f7ad,11/17/2025 4:07:55 AM,LILLIESCOFIELD@boisestate.edu_boisestate,11/17/2025 4:07:55 AM,LILLIESCOFIELD@boisestate.edu_boisestate,18763,,3/9/2025 6:00:00 PM,Technician,Stefanie Buxel,,Day 1 Transect,YES,270,,,,09:27,10:00,,0,0,,0,0
250,18920ef2-626a-43ab-847b-1bbd5c85e135,11/17/2025 4:08:20 AM,LILLIESCOFIELD@boisestate.edu_boisestate,11/17/2025 4:08:20 AM,LILLIESCOFIELD@boisestate.edu_boisestate,18763,,3/9/2025 6:00:00 PM,Technician,Stefanie Buxel,,Day 1 Random,,,,,,10:00,10:05,,0,0,,0,0
251,7774f35d-32c4-4452-827a-18ef645bb6c9,11/17/2025 4:10:38 AM,LILLIESCOFIELD@boisestate.edu_boisestate,11/17/2025 4:10:38 AM,LILLIESCOFIELD@boisestate.edu_boisestate,18763,,3/9/2025 6:00:00 PM,Technician,Stefanie Buxel,,Day 1 Transect,YES,270,,,,10:01,10:06,,0,0,,0,0
252,84b8d12c-601e-4067-88e3-0d7867cef0be,11/17/2025 4:24:56 AM,LILLIESCOFIELD@boisestate.edu_boisestate,11/17/2025 4:24:56 AM,LILLIESCOFIELD@boisestate.edu_boisestate,27150,,3/9/2025 6:00:00 PM,Technician,Stefanie Buxel,,Day 1 Transect,YES,302,,,,11:36,11:50,Auditory,0,0,,0,0
253,94c14edd-da72-4e42-836d-a8fbaf58ba8c,11/17/2025 4:25:46 AM,LILLIESCOFIELD@boisestate.edu_boisestate,11/17/2025 4:25:46 AM,LILLIESCOFIELD@boisestate.edu_boisestate,27163,,3/9/2025 6:00:00 PM,Technician,Stefanie Buxel,,Day 1 Transect,YES,284,,,,12:34,12:40,Auditory,0,0,,0,0
254,2928d4c0-1c74-4633-8cf3-35d3584fe531,11/17/2025 4:27:11 AM,LILLIESCOFIELD@boisestate.edu_boisestate,11/17/2025 4:27:11 AM,LILLIESCOFIELD@boisestate.edu_boisestate,34363,,3/10/2025 6:00:00 PM,Technician,Stefanie Buxel,,Day 1 Transect,YES,180,,,,10:03,10:07,Auditory,0,0,,0,0
255,2668e82d-9be5-4427-87e0-a3b443bf5d7f,11/17/2025 4:28:53 AM,LILLIESCOFIELD@boisestate.edu_boisestate,11/17/2025 4:28:53 AM,LILLIESCOFIELD@boisestate.edu_boisestate,49963,,3/10/2025 6:00:00 PM,Lead,Mariah Hoel,,Day 1 Random,,,1.7,,,12:22,12:27,,0,0,Cows north of site,0,0
256,31a64941-ef8c-4b03-8834-aae8d18e4909,11/17/2025 4:30:24 AM,LILLIESCOFIELD@boisestate.edu_boisestate,11/17/2025 4:30:24 AM,LILLIESCOFIELD@boisestate.edu_boisestate,42737,,3/10/2025 6:00:00 PM,Technician,Stefanie Buxel,,Day 1 Transect,YES,211,,,,14:12,14:23,Auditory,0,0,Burn site,0,0
257,8a42a084-5235-48f7-8383-747765cecfa8,11/17/2025 4:33:13 AM,LILLIESCOFIELD@boisestate.edu_boisestate,11/17/2025 4:33:13 AM,LILLIESCOFIELD@boisestate.edu_boisestate,34350,,3/17/2025 6:00:00 PM,Technician,Stefanie Buxel,,Day 1 Transect,YES,0,,,,10:15,10:17,Auditory,0,0,New point from the original due to barbed wire fence,0,0
258,f818ff2e-d6cd-447c-8723-0a137466830b,11/17/2025 4:34:27 AM,LILLIESCOFIELD@boisestate.edu_boisestate,11/17/2025 4:34:27 AM,LILLIESCOFIELD@boisestate.edu_boisestate,34376,,3/10/2025 6:00:00 PM,Technician,Stefanie Buxel,,Day 1 Transect,YES,320,,,,11:04,11:06,Auditory,0,0,,0,0
259,7400c939-302d-451a-8c02-0a30ad672f82,11/17/2025 4:35:15 AM,LILLIESCOFIELD@boisestate.edu_boisestate,11/17/2025 4:35:15 AM,LILLIESCOFIELD@boisestate.edu_boisestate,49963,,3/10/2025 6:00:00 PM,Technician,Stefanie Buxel,,Day 1 Transect,YES,284,,,,12:07,12:22,,0,0,Cows near site,0,0
260,1ec51041-02fa-47b9-884b-2f683d2e232f,11/17/2025 4:36:17 AM,LILLIESCOFIELD@boisestate.edu_boisestate,11/17/2025 4:36:17 AM,LILLIESCOFIELD@boisestate.edu_boisestate,49963,,3/10/2025 6:00:00 PM,Technician,Stefanie Buxel,,Day 1 Random,,,,,,12:22,12:27,,0,0,,0,0
261,f2c89660-18a4-48c6-8e29-f668c483c604,11/17/2025 4:39:11 AM,LILLIESCOFIELD@boisestate.edu_boisestate,11/17/2025 4:39:11 AM,LILLIESCOFIELD@boisestate.edu_boisestate,128263,,3/20/2025 6:00:00 PM,Lead,Dylan Hendry,,Day 1 Random,,,12.7,,,12:08,12:13,,0,0,,0,0
262,2e0f0333-e3a4-48aa-8d22-902144cd62f4,11/17/2025 4:39:56 AM,LILLIESCOFIELD@boisestate.edu_boisestate,11/17/2025 4:39:56 AM,LILLIESCOFIELD@boisestate.edu_boisestate,121037,,3/20/2025 6:00:00 PM,Lead,Dylan Hendry,,Day 1 Random,,,8.6,,,10:48,10:53,,0,0,,0,0
263,f6680458-d4c3-41b9-8759-06cb4a0261b3,11/17/2025 4:41:45 AM,LILLIESCOFIELD@boisestate.edu_boisestate,11/17/2025 4:41:45 AM,LILLIESCOFIELD@boisestate.edu_boisestate,120998,,3/19/2025 6:00:00 PM,Technician,Lillie Scofield,,Day 1 Transect,YES,0,,,,10:02,11:04,,0,0,Had to sort out a compass alternative. There may be issues with the bearing using GPS,0,0
264,d755e7ce-573f-42a7-8d4c-e7daf4d14d9d,11/17/2025 4:42:44 AM,LILLIESCOFIELD@boisestate.edu_boisestate,11/17/2025 4:42:44 AM,LILLIESCOFIELD@boisestate.edu_boisestate,GS03M,,3/18/2025 6:00:00 PM,Lead,Dylan Hendry,,Day 1 Random,,,20.8,,,14:29,14:34,,0,0,,0,0
265,42fe4093-d3fc-45ab-8e60-235ef7737e35,11/17/2025 4:43:41 AM,LILLIESCOFIELD@boisestate.edu_boisestate,11/17/2025 4:43:41 AM,LILLIESCOFIELD@boisestate.edu_boisestate,112585,,3/18/2025 6:00:00 PM,Lead,Dylan Hendry,,Day 1 Random,,,18.4,,,13:43,13:48,,0,0,,0,0
266,76666409-ab76-40a8-8c02-c742306847ce,11/17/2025 4:44:31 AM,LILLIESCOFIELD@boisestate.edu_boisestate,11/17/2025 4:44:31 AM,LILLIESCOFIELD@boisestate.edu_boisestate,112533,,3/18/2025 6:00:00 PM,Lead,Dylan Hendry,,Day 1 Random,,,15.6,,,10:21,10:26,,0,0,,0,0
267,3019ba37-1cb1-48a8-8abd-480c4eb5f6f1,11/17/2025 4:45:13 AM,LILLIESCOFIELD@boisestate.edu_boisestate,11/17/2025 4:45:13 AM,LILLIESCOFIELD@boisestate.edu_boisestate,112546,,3/18/2025 6:00:00 PM,Lead,Dylan Hendry,,Day 1 Random,,,20.1,,,11:20,11:25,,0,0,,0,0
268,726eda1c-0318-46a5-8823-8a72499d2e05,11/17/2025 4:46:03 AM,LILLIESCOFIELD@boisestate.edu_boisestate,11/17/2025 4:46:03 AM,LILLIESCOFIELD@boisestate.edu_boisestate,112585,,3/18/2025 6:00:00 PM,Technician,Sydney Smith,,Day 1 Transect,YES,275,,,,13:35,13:43,,0,0,,0,0
269,d2c251b0-48df-4b3f-8fac-9dabfa039dfa,11/17/2025 4:46:37 AM,LILLIESCOFIELD@boisestate.edu_boisestate,11/17/2025 4:46:37 AM,LILLIESCOFIELD@boisestate.edu_boisestate,112585,,3/18/2025 6:00:00 PM,Technician,Sydney Smith,,Day 1 Random,,,,,,13:43,13:08,,0,0,,0,0
270,f4e8bec6-4007-44a2-8fa9-4ed6047edb37,11/17/2025 4:47:19 AM,LILLIESCOFIELD@boisestate.edu_boisestate,11/17/2025 4:47:19 AM,LILLIESCOFIELD@boisestate.edu_boisestate,GS03M,,3/18/2025 6:00:00 PM,Technician,Sydney Smith,,Day 1 Transect,YES,317,,,,14:18,14:29,,0,0,,0,0
271,34acc85d-7ba8-4172-86d3-ab93f1979619,11/17/2025 4:47:45 AM,LILLIESCOFIELD@boisestate.edu_boisestate,11/17/2025 4:47:45 AM,LILLIESCOFIELD@boisestate.edu_boisestate,GS03M,,4/18/2025 6:00:00 PM,Technician,Sydney Smith,,Day 1 Random,,,,,,14:29,14:34,,0,0,,0,0
272,21803bb5-c15e-445f-8b0f-c6570854fc04,11/17/2025 5:03:46 AM,LILLIESCOFIELD@boisestate.edu_boisestate,11/17/2025 5:03:46 AM,LILLIESCOFIELD@boisestate.edu_boisestate,112546,,11/18/2025 7:00:00 PM,Technician,Sydney Smith,,Day 1 Transect,YES,330,,,,11:12,11:20,,0,0,,0,0
273,f418d14c-23b5-484f-8351-2cc9851eaa2b,11/17/2025 5:04:23 AM,LILLIESCOFIELD@boisestate.edu_boisestate,11/17/2025 5:04:23 AM,LILLIESCOFIELD@boisestate.edu_boisestate,112546,,3/18/2025 6:00:00 PM,Technician,Sydney Smith,,Day 1 Random,,,,,,11:20,11:25,,0,0,,0,0
274,e971f938-086e-4c11-8096-9543ae97c1cc,11/17/2025 5:05:59 AM,LILLIESCOFIELD@boisestate.edu_boisestate,11/17/2025 5:05:59 AM,LILLIESCOFIELD@boisestate.edu_boisestate,112533,,3/18/2025 6:00:00 PM,Technician,Sydney Smith,,Day 1 Transect,YES,145,,,,10:03,10:21,,0,0,,0,0
275,487e376a-d158-4e67-8217-7a565bf74071,11/17/2025 5:06:27 AM,LILLIESCOFIELD@boisestate.edu_boisestate,11/17/2025 5:06:27 AM,LILLIESCOFIELD@boisestate.edu_boisestate,112533,,3/18/2025 6:00:00 PM,Technician,Sydney Smith,,Day 1 Random,,,,,,10:21,10:26,,0,0,,0,0
276,7b3cb760-a523-4e96-8043-2e1cbe980997,11/17/2025 5:08:16 AM,LILLIESCOFIELD@boisestate.edu_boisestate,11/17/2025 5:08:16 AM,LILLIESCOFIELD@boisestate.edu_boisestate,120998,,3/19/2025 6:00:00 PM,Lead,Dylan Hendry,,Day 1 Random,,,7.4,,,11:04,11:09,,0,0,,0,0
277,41914041-27fc-495c-877b-84227741ce4f,11/17/2025 5:18:04 AM,LILLIESCOFIELD@boisestate.edu_boisestate,11/17/2025 5:18:04 AM,LILLIESCOFIELD@boisestate.edu_boisestate,120985,,3/19/2025 6:00:00 PM,Lead,Dylan Hendry,,Day 1 Random,,,12.5,,,12:22,12:27,,0,0,,0,0
278,cbe4f7df-9378-48c6-8029-8991f3556fe0,11/17/2025 5:20:02 AM,LILLIESCOFIELD@boisestate.edu_boisestate,11/17/2025 5:20:02 AM,LILLIESCOFIELD@boisestate.edu_boisestate,120985,,3/19/2025 6:00:00 PM,Technician,Lillie Scofield,,Day 1 Transect,YES,180,,,,12:07,12:22,,0,0,"Possible issues with the bearing, using the GPS as a compass",0,0
279,5eb41986-68ea-410e-8102-ce8e0416063b,11/17/2025 5:20:30 AM,LILLIESCOFIELD@boisestate.edu_boisestate,11/17/2025 5:20:30 AM,LILLIESCOFIELD@boisestate.edu_boisestate,120985,,3/19/2025 6:00:00 PM,Technician,Lillie Scofield,,Day 1 Random,,,,,,12:22,12:27,,0,0,,0,0
280,dbb4ad89-60e3-4dc4-8a95-3883a56ed47e,11/17/2025 5:22:12 AM,LILLIESCOFIELD@boisestate.edu_boisestate,11/17/2025 5:22:12 AM,LILLIESCOFIELD@boisestate.edu_boisestate,121037,,3/20/2025 6:00:00 PM,Technician,Sydney Smith,,Day 1 Transect,YES,70,,,,10:29,10:48,,0,0,,0,0
281,866f704d-4956-4b7d-8b5d-d66891d1cc47,11/17/2025 5:23:02 AM,LILLIESCOFIELD@boisestate.edu_boisestate,11/17/2025 5:23:02 AM,LILLIESCOFIELD@boisestate.edu_boisestate,121037,,3/20/2025 6:00:00 PM,Technician,Sydney Smith,,Day 1 Random,,,,,,10:48,10:53,,0,0,Transect close to the road,0,0
282,beaa79ae-3b98-46aa-8344-3cac456d835b,11/17/2025 5:25:59 AM,LILLIESCOFIELD@boisestate.edu_boisestate,11/17/2025 5:25:59 AM,LILLIESCOFIELD@boisestate.edu_boisestate,128263,,3/20/2025 6:00:00 PM,Technician,Sydney Smith,,Day 1 Transect,YES,300,,,,11:59,12:08,,0,0,"Bearing might not be accurate, the transects were redone",0,0
283,59b26bb6-4f0a-4981-8ea7-89305bbec934,11/17/2025 5:26:33 AM,LILLIESCOFIELD@boisestate.edu_boisestate,11/17/2025 5:26:33 AM,LILLIESCOFIELD@boisestate.edu_boisestate,128263,,3/20/2025 6:00:00 PM,Technician,Sydney Smith,,Day 1 Random,,,,,,12:08,12:13,,0,0,,0,0
284,c4a9438c-e41e-4015-8096-fa201a83ab9c,11/17/2025 5:29:40 AM,LILLIESCOFIELD@boisestate.edu_boisestate,11/17/2025 5:29:40 AM,LILLIESCOFIELD@boisestate.edu_boisestate,112572,,3/18/2025 6:00:00 PM,Technician,Sydney Smith,,Day 1 Transect,YES,0,,,,12:59,13:01,Auditory,0,0,,0,0
285,cc6593c5-766f-47d8-877e-2c7a3c30999c,11/17/2025 5:30:30 AM,LILLIESCOFIELD@boisestate.edu_boisestate,11/17/2025 5:30:30 AM,LILLIESCOFIELD@boisestate.edu_boisestate,112559,,3/18/2025 6:00:00 PM,Technician,Sydney Smith,,Day 1 Transect,YES,300,,,,11:55,12:07,,0,0,,0,0
286,4fba7b28-3e9b-4001-85cd-5fa9ef9c7ae9,11/17/2025 5:31:02 AM,LILLIESCOFIELD@boisestate.edu_boisestate,11/17/2025 5:31:02 AM,LILLIESCOFIELD@boisestate.edu_boisestate,112559,,3/18/2025 6:00:00 PM,Technician,Sydney Smith,,Day 1 Random,,,,,,12:07,12:02,,0,0,,0,0
287,cc5edd8b-c3a1-4051-897f-6bcd341ab83d,11/17/2025 5:32:30 AM,LILLIESCOFIELD@boisestate.edu_boisestate,11/17/2025 5:32:30 AM,LILLIESCOFIELD@boisestate.edu_boisestate,112559,,3/18/2025 6:00:00 PM,Lead,Dylan Hendry,,Day 1 Random,,,23.9,,,12:07,12:12,,0,0,,0,0
288,a153e86a-091e-44e9-83da-2c1792e5ca70,11/17/2025 5:33:52 AM,LILLIESCOFIELD@boisestate.edu_boisestate,11/17/2025 5:33:52 AM,LILLIESCOFIELD@boisestate.edu_boisestate,74185,,3/11/2025 6:00:00 PM,Technician,David Bontrager,,Day 1 Transect,YES,130,,,,13:03,13:18,,0,0,,0,0
289,9e8a906b-ffae-4b8d-80a0-088a1ee9ffe9,11/17/2025 5:34:23 AM,LILLIESCOFIELD@boisestate.edu_boisestate,11/17/2025 5:34:23 AM,LILLIESCOFIELD@boisestate.edu_boisestate,74185,,3/11/2025 6:00:00 PM,Technician,David Bontrager,,Day 1 Random,,,,,,13:18,13:23,,0,0,,0,0
290,38d5abeb-e104-4e25-82a1-46b67fd65038,11/17/2025 5:38:39 AM,LILLIESCOFIELD@boisestate.edu_boisestate,11/17/2025 5:38:39 AM,LILLIESCOFIELD@boisestate.edu_boisestate,SDHPLA6,,3/10/2025 6:00:00 PM,Technician,Sydney Smith,,Day 1 Transect,YES,335,,,,12:42,12:49,,0,0,,0,0
291,c9bc306d-2df4-46fc-838a-454f2d62da86,11/17/2025 5:39:03 AM,LILLIESCOFIELD@boisestate.edu_boisestate,11/17/2025 5:39:03 AM,LILLIESCOFIELD@boisestate.edu_boisestate,SDHPLA6,,3/10/2025 6:00:00 PM,Technician,Sydney Smith,,Day 1 Random,,,,,,12:49,12:54,,0,0,,0,0
292,78540e56-eab4-4bd4-8524-e24f03fc74b8,11/17/2025 5:40:07 AM,LILLIESCOFIELD@boisestate.edu_boisestate,11/17/2025 5:40:07 AM,LILLIESCOFIELD@boisestate.edu_boisestate,POSE1,,3/10/2025 6:00:00 PM,Technician,Sydney Smith,,Day 1 Transect,YES,320,,,,13:26,13:33,,0,0,,0,0
293,f0032f9f-ccbd-473b-81d0-863a1daf99e1,11/17/2025 5:42:49 AM,LILLIESCOFIELD@boisestate.edu_boisestate,11/17/2025 5:42:49 AM,LILLIESCOFIELD@boisestate.edu_boisestate,POSE1,,3/10/2025 6:00:00 PM,Technician,Sydney Smith,,Day 1 Random,,,,,,13:33,13:38,,0,0,,0,0
294,09a9f936-d495-4e46-88e5-62ab4e292024,11/17/2025 6:02:36 AM,LILLIESCOFIELD@boisestate.edu_boisestate,11/17/2025 6:02:36 AM,LILLIESCOFIELD@boisestate.edu_boisestate,74015,,4/5/2025 6:00:00 PM,Technician,Sydney Smith,,Day 2 Random,,,,,,12:08,12:13,,0,0,,0,0
295,3343ca6e-e3fa-4f30-8c53-b139d8ed6cee,11/17/2025 6:03:54 AM,LILLIESCOFIELD@boisestate.edu_boisestate,11/17/2025 6:03:54 AM,LILLIESCOFIELD@boisestate.edu_boisestate,74028,,4/5/2025 6:00:00 PM,Technician,Sydney Smith,,Day 2 Random,,,,,,12:49,12:54,,0,0,,0,0
296,f8396d7e-5370-4377-8d1a-7c6c341db5f4,11/17/2025 1:04:51 PM,,11/17/2025 1:04:51 PM,,73989,,4/5/2025 6:00:00 PM,Technician,Sydney Smith,,Day 2 Random,,,,,,10:36,10:01,,0,0,,0,0
297,440985f2-fa5b-454c-83c2-36fb0c0a126b,11/17/2025 1:05:34 PM,,11/17/2025 1:05:34 PM,,74002,,4/5/2025 6:00:00 PM,Technician,Sydney Smith,,Day 2 Random,,,,,,11:25,11:30,,0,0,,0,0
298,4fa60a87-f889-4b00-8da3-bff595e55441,11/17/2025 1:06:37 PM,,11/17/2025 1:06:37 PM,,81254,,4/5/2025 6:00:00 PM,Technician,Sydney Smith,,Day 2 Random,,,,,,13:41,01:46,,0,0,,0,0
299,3d8f77e6-b663-4544-8e6f-37abbab52aa5,11/17/2025 1:07:26 PM,,11/17/2025 1:07:26 PM,,81241,,4/5/2025 6:00:00 PM,Technician,Sydney Smith,,Day 2 Random,,,,,,14:08,14:13,,0,0,,0,0
300,789c8f7a-3f5c-4dc6-861c-07839e049f0e,11/17/2025 1:08:21 PM,,11/17/2025 1:08:21 PM,,81228,,4/5/2025 6:00:00 PM,Technician,Sydney Smith,,Day 2 Random,,,,,,14:38,14:44,Active burrow,0,0,,0,0
301,dcebf848-676b-48d5-8b2e-cb210be57e8f,11/17/2025 1:08:55 PM,,11/17/2025 1:08:55 PM,,81202,,4/6/2025 6:00:00 PM,Technician,Sydney Smith,,Day 2 Random,,,,,,10:40,10:45,,0,0,,0,0
302,1107276b-433a-4d2c-8e36-305813ffaa5d,11/17/2025 1:09:37 PM,,11/17/2025 1:09:37 PM,,81215,,4/6/2025 6:00:00 PM,Technician,Sydney Smith,,Day 2 Random,,,,,,11:24,11:29,,0,0,,0,0
303,4a81b2b3-d1bc-4d60-8cba-f2afd5caa591,11/17/2025 1:10:10 PM,,11/17/2025 1:10:10 PM,,81215,,4/6/2025 6:00:00 PM,Technician,Sydney Smith,,Day 2 Random,,,,,,12:01,12:06,,0,0,,0,0
304,0bd7ada7-9642-4336-8219-379f40493908,11/17/2025 1:10:46 PM,,11/17/2025 1:10:46 PM,,89641,,4/6/2025 6:00:00 PM,Technician,Sydney Smith,,Day 2 Random,,,,,,13:04,13:09,,0,0,,0,0
305,8ad6b252-d991-484b-8493-a94fd3edb1fd,11/17/2025 1:11:28 PM,,11/17/2025 1:11:28 PM,,89654,,4/6/2025 6:00:00 PM,Technician,Sydney Smith,,Day 2 Random,,,,,,13:52,13:57,,0,0,,0,0
306,0af041e1-ae73-4f31-81a2-af4a4f48edc1,11/17/2025 1:12:24 PM,,11/17/2025 1:12:24 PM,,105293,,4/6/2025 6:00:00 PM,Technician,Sydney Smith,,Day 2 Random,,,,,,14:56,15:01,,0,0,,0,0
307,4b61a22f-914d-4721-8ccf-0b6d2df599a0,11/17/2025 1:13:23 PM,,11/17/2025 1:13:23 PM,,105320,,4/6/2025 6:00:00 PM,Technician,Sydney Smith,,Day 2 Random,,,,,,15:44,15:49,,0,0,,0,0
308,243c0738-9bbd-4acc-8a9a-80ea69464470,11/17/2025 1:14:25 PM,,11/17/2025 1:14:25 PM,,89654,,4/6/2025 6:00:00 PM,Lead,Mariah Hoel,,Day 2 Random,,,7.2,,,13:52,13:56,Active burrow,0,0,,0,0
309,077217e5-db7d-4da2-82c6-961d739274f4,11/17/2025 1:15:09 PM,,11/17/2025 1:15:09 PM,,105293,,4/6/2025 6:00:00 PM,Lead,Mariah Hoel,,Day 2 Random,,,3.7,,,14:56,15:01,,0,0,,0,0
310,e56bed1b-ca56-42fd-8c58-6286686bd39c,11/17/2025 1:15:49 PM,,11/17/2025 1:15:49 PM,,89641,,4/6/2025 6:00:00 PM,Lead,Mariah Hoel,,Day 2 Random,,,3.4,,,13:04,13:09,,0,0,,0,0
311,74e7dc88-2631-4e68-8adf-82f03cac8c60,11/17/2025 1:16:27 PM,,11/17/2025 1:16:27 PM,,81215,,4/6/2025 6:00:00 PM,Lead,Mariah Hoel,,Day 2 Random,,,7.1,,,11:26,11:31,,0,0,,0,0
312,d103f7c5-62cd-476b-86d3-faea3cce9131,11/17/2025 1:17:02 PM,,11/17/2025 1:17:02 PM,,89628,,4/6/2025 6:00:00 PM,Lead,Mariah Hoel,,Day 2 Random,,,3.2,,,12:01,12:06,,0,0,,0,0
313,fa8541de-75c6-4323-8abf-604b077d69b0,11/17/2025 1:17:47 PM,,11/17/2025 1:17:47 PM,,81228,,4/5/2025 6:00:00 PM,Lead,Mariah Hoel,,Day 2 Random,,,4.7,,,14:38,14:43,,0,0,,0,0
314,18705ddc-8383-409c-8b5c-5fe16e67590d,11/17/2025 1:18:25 PM,,11/17/2025 1:18:25 PM,,81202,,4/6/2025 6:00:00 PM,Lead,Mariah Hoel,,Day 2 Random,,,3.7,,,10:40,10:45,,0,0,,0,0
315,f54e9d82-8cb8-4caf-8313-8755247b98f7,11/17/2025 1:19:07 PM,,11/17/2025 1:19:07 PM,,81241,,4/5/2025 6:00:00 PM,Lead,Mariah Hoel,,Day 2 Random,,,4.2,,,14:08,14:13,,0,0,,0,0
316,05571638-0380-4d00-8d20-4a5761288e9f,11/17/2025 1:19:55 PM,,11/17/2025 1:19:55 PM,,81254,,4/5/2025 6:00:00 PM,Lead,Mariah Hoel,,Day 2 Random,,,1.5,,,13:41,13:46,,0,0,,0,0
317,1d3743e1-6314-4ebc-8f05-7d42cdc1d0e3,11/17/2025 1:20:42 PM,,11/17/2025 1:20:42 PM,,74015,,4/5/2025 6:00:00 PM,Lead,Mariah Hoel,,Day 2 Random,,,4.3,,,12:08,12:13,,0,0,,0,0
318,12577a2c-4ba9-4122-87ff-18dcb354a79e,11/17/2025 1:21:24 PM,,11/17/2025 1:21:24 PM,,74028,,4/5/2025 6:00:00 PM,Lead,Mariah Hoel,,Day 2 Random,,,3,,,12:49,12:54,,0,0,,0,0
319,b4e4593f-9528-4e99-827f-be07b972e01c,11/17/2025 1:22:11 PM,,11/17/2025 1:22:11 PM,,74002,,4/5/2025 6:00:00 PM,Lead,Mariah Hoel,,Day 2 Random,,,8.6,,,11:25,11:30,,0,0,,0,0
320,f83f51ee-ec37-4c87-8df4-93f308248e13,11/17/2025 1:22:59 PM,,11/17/2025 1:22:59 PM,,112585,,4/3/2025 6:00:00 PM,Lead,Mariah Hoel,,Day 2 Random,,,11.8,,,13:55,14:00,,0,0,,0,0
321,b05afeb1-ce3d-47f4-8e5c-0ba0f5602f2a,11/17/2025 1:23:47 PM,,11/17/2025 1:23:47 PM,,GS03M,,4/3/2025 6:00:00 PM,Lead,Mariah Hoel,,Day 2 Random,,,16,,,14:34,14:41,,0,0,,0,0
322,b3edcc17-4284-48c4-8d55-38f8f777a271,11/17/2025 1:25:02 PM,,11/17/2025 1:25:02 PM,,120985,,4/3/2025 6:00:00 PM,Lead,Mariah Hoel,,Day 2 Random,,,17.4,,,01:03,13:12,Active burrow,0,0,,0,0
323,2808d155-f0a9-4a9f-8114-43b36df7a138,11/17/2025 1:26:29 PM,,11/17/2025 1:26:29 PM,,112546,,4/3/2025 6:00:00 PM,Lead,Mariah Hoel,,Day 2 Random,,,13.7,,,11:43,11:48,,0,0,,0,0
324,26a59835-732a-4871-8fd0-d9b496e078d4,11/17/2025 1:27:04 PM,,11/17/2025 1:27:04 PM,,112533,,4/3/2025 6:00:00 PM,Lead,Mariah Hoel,,Day 2 Random,,,12.8,,,11:05,11:10,,0,0,,0,0
325,d83bcf6d-9aa9-4a98-8879-3fd56e8842b8,11/17/2025 1:28:34 PM,,11/17/2025 1:28:34 PM,,105333,,4/3/2025 6:00:00 PM,Lead,Mariah Hoel,,Day 2 Random,,,14,,,09:43,09:48,,0,0,,0,0
326,1a269151-5b33-494b-8898-f99363c1cb60,11/17/2025 1:30:00 PM,,11/17/2025 1:30:00 PM,,105346,,4/3/2025 6:00:00 PM,Lead,Mariah Hoel,,Day 2 Random,,,15.8,,,10:20,10:25,,0,0,,0,0
327,abd30819-043b-4b31-835d-79d9c460e506,11/17/2025 1:30:58 PM,,11/17/2025 1:30:58 PM,,42815,,4/2/2025 6:00:00 PM,Lead,Mariah Hoel,,Day 2 Random,,,14.1,,,12:28,12:33,,0,0,,0,0
328,c4133297-9245-40f7-858e-96b32da84911,11/17/2025 1:31:40 PM,,11/17/2025 1:31:40 PM,,42802,,4/2/2025 6:00:00 PM,Lead,Mariah Hoel,,Day 2 Random,,,11.3,,,11:41,11:46,,0,0,,0,0
329,501b4b15-7ec2-4f5f-8fcb-1d42617d6120,11/17/2025 1:32:42 PM,,11/17/2025 1:32:42 PM,,POSE1,,4/2/2025 6:00:00 PM,Lead,Mariah Hoel,,Day 2 Random,,,12.9,,,09:52,09:57,,0,0,,0,0
330,f933b13d-f271-4e41-82ea-9073e169b243,11/17/2025 1:33:40 PM,,11/17/2025 1:33:40 PM,,POSE2,,4/2/2025 6:00:00 PM,Lead,Mariah Hoel,,Day 2 Random,,,13.1,,,10:52,10:57,,0,0,,0,0
331,75082d26-1834-4b3e-8c0b-0bc2d3e1d48f,11/17/2025 1:34:48 PM,,11/17/2025 1:34:48 PM,,42776,,4/1/2025 6:00:00 PM,Lead,Mariah Hoel,,Day 2 Random,,,4.5,,,15:09,15:14,,0,0,,0,0
332,3da1708e-407d-4bee-8655-c097aecfd9b1,11/17/2025 1:36:04 PM,,11/17/2025 1:36:04 PM,,SRHALP3,,4/1/2025 6:00:00 PM,Lead,Mariah Hoel,,Day 2 Random,,,3.8,,,15:56,16:01,,0,0,"Dead sagebrush over the whole transect. Transect is near a popular shooting range, caution advised",0,0
333,5e913719-7868-4262-808c-e20c5524be1b,11/17/2025 1:36:49 PM,,11/17/2025 1:36:49 PM,,42750,,4/1/2025 6:00:00 PM,Lead,Mariah Hoel,,Day 2 Random,,,12.6,,,13:18,13:23,,0,0,,0,0
334,8773edd7-eeed-407b-8856-3803c239de89,11/17/2025 1:37:48 PM,,11/17/2025 1:37:48 PM,,49950,,4/1/2025 6:00:00 PM,Lead,Mariah Hoel,,Day 2 Random,,,9.7,,,14:10,14:15,,0,0,,0,0
335,ee126405-ee4c-4367-861a-b56c0655f6bc,11/17/2025 1:38:23 PM,,11/17/2025 1:38:23 PM,,49963,,4/1/2025 6:00:00 PM,Lead,Mariah Hoel,,Day 2 Random,,,8.3,,,12:35,12:40,,0,0,,0,0
336,9f939d86-4b12-4ba1-844d-63c1fa92670b,11/17/2025 1:39:16 PM,,11/17/2025 1:39:16 PM,,18763,,4/1/2025 6:00:00 PM,Lead,Mariah Hoel,,Day 2 Random,,,5.1,,,10:50,10:55,,0,0,,0,0
337,592d80c3-a770-42fe-852d-341640007a24,11/17/2025 1:41:04 PM,,11/17/2025 1:41:04 PM,,96946,,3/30/2025 6:00:00 PM,Lead,Mariah Hoel,,Day 2 Random,,,10.4,,,12:01,12:06,,0,0,"Squirrels heard on the way to the site (N 300m), but no occupancy in the transect",0,0
338,64da3298-b7c3-4522-8d6e-f0dc30deb074,11/17/2025 1:41:48 PM,,11/17/2025 1:41:48 PM,,96933,,3/30/2025 6:00:00 PM,Lead,Mariah Hoel,,Day 2 Random,,,9.3,,,10:27,10:32,,0,0,,0,0
339,68384518-e5d2-4125-86ac-4376af6900f8,11/17/2025 1:43:11 PM,,11/17/2025 1:43:11 PM,,74002,,3/29/2025 6:00:00 PM,Lead,Mariah Hoel,,Day 1 Random,,,14.7,,,13:36,13:41,,0,0,Moved transect east of original due to fencing,0,0
340,5b3a05ff-02dc-46cb-8f8e-b6ec31ecbc39,11/17/2025 1:44:05 PM,,11/17/2025 1:44:05 PM,,74002,,3/29/2025 6:00:00 PM,Lead,Mariah Hoel,,Day 1 Random,,,13,,,15:34,15:39,,0,0,,0,0
341,6968dc4a-6249-4c8a-83e6-5e31c7a86d6c,11/17/2025 1:45:04 PM,,11/17/2025 1:45:04 PM,,73989,,3/29/2025 6:00:00 PM,Lead,Mariah Hoel,,Day 2 Random,,,14.2,,,12:23,12:28,,0,0,Raining off and on,0,0
342,c0e412ff-22c0-45c0-8e85-8539614f9a7a,11/17/2025 1:46:00 PM,,11/17/2025 1:46:00 PM,,105320,,4/6/2025 6:00:00 PM,Lead,Mariah Hoel,,Day 2 Random,,,1.9,,,15:44,15:49,,0,0,,0,0
343,3b36c211-4cf6-4302-8fcd-ec10d65fe9ca,11/17/2025 1:47:02 PM,,11/17/2025 1:47:02 PM,,81359,,4/6/2025 6:00:00 PM,Technician,Stefanie Buxel,,Day 2 Random,,,,,,14:16,14:21,,0,0,,0,0
344,115e26a6-5c29-4744-8b40-796c32b4732b,11/17/2025 1:47:39 PM,,11/17/2025 1:47:39 PM,,112520,,4/6/2025 6:00:00 PM,Technician,Stefanie Buxel,,Day 2 Random,,,,,,15:45,15:50,,0,0,,0,0
345,347ef20b-4eff-4bd3-85fe-b11ec1df2ef5,11/17/2025 1:48:28 PM,,11/17/2025 1:48:28 PM,,58428,,4/5/2025 6:00:00 PM,Technician,Stefanie Buxel,,Day 2 Random,,,,,,15:47,15:52,,0,0,,0,0
346,4c567305-4944-430e-8c8a-71f33ac9df1e,11/17/2025 1:49:17 PM,,11/17/2025 1:49:17 PM,,GS17H,,3/30/2025 6:00:00 PM,Technician,Lillie Scofield,,Day 2 Random,,,,,,15:25,15:30,,0,0,,0,0
347,7cd40f09-d985-47b2-8ece-b057b2e3e7c4,11/17/2025 1:49:51 PM,,11/17/2025 1:49:51 PM,,GS17H,,3/30/2025 6:00:00 PM,Technician,Lillie Scofield,,Day 2 Random,,,,,,12:41,12:46,,0,0,,0,0
348,a97c6256-faa8-4533-8f7c-80192636c307,11/17/2025 1:51:04 PM,,11/17/2025 1:51:04 PM,,65589,,3/30/2025 6:00:00 PM,Technician,Lillie Scofield,,Day 2 Random,,,,,,13:38,13:33,,0,0,,0,0
349,bf5cb545-dbad-4d02-8953-6fbbfef61f38,11/17/2025 1:51:46 PM,,11/17/2025 1:51:46 PM,,58376,,3/30/2025 6:00:00 PM,Technician,Lillie Scofield,,Day 2 Random,,,,,,14:38,14:43,,0,0,,0,0
350,365ff116-7eb4-42fc-8867-e401a3e67d58,11/17/2025 1:52:30 PM,,11/17/2025 1:52:30 PM,,65641,,4/5/2025 6:00:00 PM,Technician,Stefanie Buxel,,Day 2 Random,,,,,,14:43,14:48,,0,0,,0,0
351,c00f0b38-7e05-4c31-82b9-4ab936a60554,11/17/2025 1:53:25 PM,,11/17/2025 1:53:25 PM,,74041,,4/5/2025 6:00:00 PM,Technician,Stefanie Buxel,,Day 2 Random,,,,,,13:52,13:57,,0,0,,0,0
352,bfddd69c-6fe6-4d5e-814c-3fc2f4631755,11/17/2025 1:54:11 PM,,11/17/2025 1:54:11 PM,,SSHPLA4,,4/5/2025 6:00:00 PM,Technician,Stefanie Buxel,,Day 2 Random,,,,,,12:18,12:23,,0,0,,0,0
353,43c5c176-e101-4946-8a33-3b114a679f02,11/17/2025 1:54:44 PM,,11/17/2025 1:54:44 PM,,SDHALP7,,4/5/2025 6:00:00 PM,Technician,Stefanie Buxel,,Day 2 Random,,,,,,11:12,11:17,,0,0,,0,0
354,3da8c5a7-7733-44ba-8678-0a9947aed7aa,11/17/2025 1:55:24 PM,,11/17/2025 1:55:24 PM,,34441,,4/5/2025 6:00:00 PM,Technician,Stefanie Buxel,,Day 2 Random,,,,,,10:31,10:36,,0,0,,0,0
355,adfd7987-77bb-4cd3-8bc6-9b235e6944c4,11/17/2025 1:55:56 PM,,11/17/2025 1:55:56 PM,,34415,,4/5/2025 6:00:00 PM,Technician,Stefanie Buxel,,Day 2 Random,,,,,,09:47,09:52,,0,0,,0,0
356,6a02547a-6e17-46ae-8299-c28d76ba4ab4,11/17/2025 1:57:06 PM,,11/17/2025 1:57:06 PM,,89785,,3/23/2025 6:00:00 PM,Lead,Jessica Hovey,,Day 1 Random,,,1.4,,,12:53,12:57,Active burrow,0,0,,0,0
357,de358d2c-6c08-4b9c-844d-e3cc22320834,11/17/2025 1:59:09 PM,,11/17/2025 1:59:09 PM,,112702,,3/24/2025 6:00:00 PM,Lead,Jessica Hovey,,Day 1 Random,,,7.6,,,11:17,11:18,Active burrow,0,0,Road to the transect is very bumpy with lots of badger holes.,0,0
358,04d59a9c-76ea-443d-8e35-1358d512b0fb,11/17/2025 2:00:48 PM,,11/17/2025 2:00:48 PM,,89863,,3/24/2025 6:00:00 PM,Technician,Lillie Scofield,,Day 1 Transect,YES,10,,,,01:21,01:23,Auditory,0,0,Popping with squirrels,0,0
359,4df2c97b-f349-479b-818d-8cfe1bc8f452,11/17/2025 2:01:31 PM,,11/17/2025 2:01:31 PM,,112702,,3/24/2025 6:00:00 PM,Technician,Lillie Scofield,,Day 1 Transect,YES,265,,,,11:10,11:17,,0,0,,0,0
360,b2020ad3-4eb9-4669-88fe-c6a81cd955f5,11/17/2025 2:01:57 PM,,11/17/2025 2:01:57 PM,,112702,,3/24/2025 6:00:00 PM,Technician,Lillie Scofield,,Day 1 Random,,,,,,11:17,11:22,,0,0,,0,0
361,c2a47a87-188d-4d17-87ed-8a5bdf888a61,11/17/2025 2:03:36 PM,,11/17/2025 2:03:36 PM,,SRHALP6,,3/23/2025 6:00:00 PM,Lead,Jessica Hovey,,Day 1 Random,,,2.8,,,11:34,11:39,,0,0,Site has options to either go through a road or through a river bed. No squirrels but lots of rabbit scat,0,0
362,32072d5e-ee3f-4f24-8e1b-bcc4cf03233e,11/17/2025 2:04:43 PM,,11/17/2025 11:12:45 PM,JENCRUZ@boisestate.edu_boisestate,81385,,3/23/2025 6:00:00 PM,Lead,Jessica Hovey,,Day 1 Random,,,2.8,,,10:36,10:39,Fresh scat,1,0,Head squirrels before the transects,0,0
363,f07037f6-fe2f-4d5e-8874-f28c1fb23553,11/17/2025 2:05:40 PM,,11/17/2025 2:05:40 PM,,GS12H,,3/16/2025 6:00:00 PM,Technician,Lillie Scofield,,Day 1 Transect,YES,290,,,,10:38,10:46,,0,0,,0,0
364,ff65ea13-2f95-4096-845a-4d69948567be,11/17/2025 2:06:10 PM,,11/17/2025 2:06:10 PM,,GS12H,,3/16/2025 6:00:00 PM,Technician,Lillie Scofield,,Day 1 Random,,,,,,10:46,10:51,,0,0,,0,0
365,eccbe0bd-b2b0-44d4-8521-6f165876187f,11/17/2025 2:07:06 PM,,11/17/2025 2:07:06 PM,,97050,,3/16/2025 6:00:00 PM,Technician,Lillie Scofield,,Day 1 Transect,YES,100,,,,10:01,10:07,Auditory,0,0,,0,0
366,5773e48e-4ffd-4e5e-86ee-8b7c2317dd94,11/17/2025 2:07:56 PM,,11/17/2025 2:07:56 PM,,105476,,3/16/2025 6:00:00 PM,Technician,Lillie Scofield,,Day 1 Transect,YES,201,,,,12:39,12:46,,0,0,,0,0
367,f769dbb5-6ff4-4925-8281-44f468b4d5cb,11/17/2025 2:08:19 PM,,11/17/2025 2:08:19 PM,,105476,,3/16/2025 6:00:00 PM,Technician,Lillie Scofield,,Day 1 Random,,,,,,12:46,12:46,Auditory,0,0,,0,0
368,91d1e1a8-e0fe-466f-848e-784b73a21b8f,11/17/2025 2:09:02 PM,,11/17/2025 2:09:02 PM,,97076,,3/16/2025 6:00:00 PM,Technician,Lillie Scofield,,Day 1 Transect,YES,290,,,,11:32,11:35,Auditory,0,0,,0,0
369,781c028d-41d4-4353-8e1a-7eef95d8ff34,11/17/2025 2:10:06 PM,,11/17/2025 2:10:06 PM,,89759,,3/23/2025 6:00:00 PM,Technician,Sydney Smith,,Day 1 Transect,YES,115,,,,14:17,14:22,Auditory,0,0,,0,0
370,165f2f48-f7b5-4a5a-82ce-d7a65a2fb13e,11/17/2025 2:10:57 PM,,11/17/2025 2:10:57 PM,,89772,,3/23/2025 6:00:00 PM,Technician,Sydney Smith,,Day 1 Transect,YES,325,,,,13:29,13:31,Auditory,0,0,,0,0
371,fc3ac64e-9af4-446a-8b29-12466fd46afc,11/17/2025 2:11:55 PM,,11/17/2025 11:13:13 PM,JENCRUZ@boisestate.edu_boisestate,96946,,4/6/2025 6:00:00 PM,Lead,Jessica Hovey,,Day 2 Random,,,6.9,,,10:01,10:09,Fresh scat,1,0,,0,0
372,74116e69-1ddc-4977-8717-aabd914add77,11/17/2025 2:12:58 PM,,11/17/2025 2:12:58 PM,,81333,,4/6/2025 6:00:00 PM,Lead,Jessica Hovey,,Day 2 Random,,,4,,,11:18,11:20,,0,0,Orange flags placed at the corners,0,0
373,848e73ad-7b20-4453-861c-3e335d3d0780,11/17/2025 2:14:03 PM,,11/17/2025 2:14:03 PM,,EXAN2,,4/6/2025 6:00:00 PM,Lead,Jessica Hovey,,Day 2 Random,,,1.8,,,11:58,12:03,,0,0,,0,0
374,c3119b5e-98e4-49b0-86cf-931a4858a80c,11/17/2025 2:14:42 PM,,11/17/2025 2:14:42 PM,,SRHALP6,,4/6/2025 6:00:00 PM,Lead,Jessica Hovey,,Day 2 Random,,,4.2,,,13:10,13:15,,0,0,,0,0
375,18b8218d-128d-4497-8cfc-1f6d3a870329,11/17/2025 2:15:19 PM,,11/17/2025 2:15:19 PM,,81359,,4/6/2025 6:00:00 PM,Lead,Jessica Hovey,,Day 2 Random,,,6.1,,,14:16,14:21,,0,0,,0,0
376,5d2ea40f-4de1-42a3-8d99-f63a4d40b01a,11/17/2025 2:16:23 PM,,11/17/2025 2:16:23 PM,,112520,,4/6/2025 6:00:00 PM,Lead,Jessica Hovey,,Day 2 Random,,,0,,,15:45,15:50,,0,0,,0,0
377,b8ee2a20-15e4-4c35-8aa9-17efbf2521e0,11/17/2025 2:17:47 PM,,11/17/2025 2:17:47 PM,,81333,,4/6/2025 6:00:00 PM,Technician,Stefanie Buxel,,Day 2 Random,,,,,,11:18,11:20,,0,0,,0,0
378,0de1f345-2d3c-41dc-80c7-a2e0ece9a322,11/17/2025 2:18:28 PM,,11/17/2025 11:13:20 PM,JENCRUZ@boisestate.edu_boisestate,96946,,4/6/2025 6:00:00 PM,Technician,Stefanie Buxel,,Day 2 Random,,,,,,10:01,10:09,Fresh scat,1,0,,0,0
379,4de46e91-4077-41d6-850a-8f714017916a,11/17/2025 2:19:09 PM,,11/17/2025 2:19:09 PM,,EXAN2,,4/6/2025 6:00:00 PM,Technician,Stefanie Buxel,,Day 2 Random,,,,,,11:58,12:03,,0,0,,0,0
380,dfddd0ab-3ae6-4424-8949-1f58b5a7358c,11/17/2025 2:19:46 PM,,11/17/2025 2:19:46 PM,,SRHALP6,,4/6/2025 6:00:00 PM,Technician,Stefanie Buxel,,Day 2 Random,,,,,,13:10,13:15,,0,0,,0,0
381,3d523a81-fe10-48eb-8c93-831f2d02553f,11/17/2025 2:20:29 PM,,11/17/2025 2:20:29 PM,,65615,,3/30/2025 6:00:00 PM,Technician,Lillie Scofield,,Day 2 Random,,,,,,11:27,11:32,,0,0,,0,0
382,8e75d38f-cdb5-4f6b-8efa-48b38e0f73ba,11/17/2025 2:21:14 PM,,11/17/2025 2:21:14 PM,,74028,,3/30/2025 6:00:00 PM,Technician,Lillie Scofield,,Day 2 Random,,,,,,10:25,10:35,,0,0,,0,0
383,90592a41-5f81-4d49-8104-d67d8d414647,11/17/2025 2:21:36 PM,,11/17/2025 2:21:36 PM,,74028,,3/30/2025 6:00:00 PM,Technician,Lillie Scofield,,Day 2 Random,,,,,,10:35,10:40,,0,0,,0,0
384,2edaf7a2-7b18-4abe-8ce4-5152d7381aa1,11/17/2025 2:23:21 PM,,11/17/2025 2:23:21 PM,,42802,,3/10/2025 6:00:00 PM,Technician,Sydney Smith,,Day 1 Transect,YES,65,,,,11:46,11:56,,0,0,,0,0
385,17d0d2f9-d775-4b91-871f-352f5c4d35b8,11/17/2025 2:23:41 PM,,11/17/2025 2:23:41 PM,,42802,,3/10/2025 6:00:00 PM,Technician,Sydney Smith,,Day 1 Random,,,,,,11:56,11:56,,0,0,,0,0
386,c1a2a194-9e87-405d-80d7-5e1fdf918e23,11/17/2025 2:24:21 PM,,11/17/2025 2:24:21 PM,,SDHALP7,,3/10/2025 6:00:00 PM,Technician,Sydney Smith,,Day 1 Transect,YES,85,,,,10:22,10:30,,0,0,,0,0
387,487fd130-87be-4152-8599-47148407ec8c,11/17/2025 2:24:40 PM,,11/17/2025 2:24:40 PM,,SDHALP7,,3/10/2025 6:00:00 PM,Technician,Sydney Smith,,Day 1 Random,,,,,,10:30,10:35,,0,0,,0,0
388,7cab564a-95fe-4064-8239-7856e232f96b,11/17/2025 2:25:20 PM,,11/17/2025 2:25:20 PM,,SDHALP7,,3/10/2025 6:00:00 PM,Lead,Jessica Hovey,,Day 1 Random,,,8.8,,,10:30,10:35,,0,0,,0,0
389,932bcf4f-6ee9-4a95-8413-5d734e5b6ec9,11/17/2025 2:26:31 PM,,11/17/2025 2:26:31 PM,,42815,,3/9/2025 6:00:00 PM,Lead,Jessica Hovey,,Day 1 Random,,,12.5,,,13:19,13:24,Active burrow,0,0,Transect aimed at the big rock,0,0
390,379dc298-bd96-458f-880d-4c043c9ad612,11/17/2025 2:27:27 PM,,11/17/2025 2:27:27 PM,,34415,,3/9/2025 6:00:00 PM,Technician,Sydney Smith,,Day 1 Transect,YES,45,,,,12:25,12:35,,0,0,Transect to the right of private land,0,0
391,4d429ac5-7573-419d-8fc2-c98f326f7171,11/17/2025 2:27:46 PM,,11/17/2025 2:27:46 PM,,34415,,3/9/2025 6:00:00 PM,Technician,Sydney Smith,,Day 1 Random,,,,,,12:35,12:40,,0,0,,0,0
392,0404a709-cad3-4378-89e3-d1ceb11070a4,11/17/2025 2:29:20 PM,,11/17/2025 2:29:20 PM,,34415,,3/9/2025 6:00:00 PM,Lead,Jessica Hovey,,Day 1 Random,,,17.6,,,12:36,12:40,Active burrow,0,0,"Actual point on non BLM land, new point created 45 NE",0,0
393,14075794-c78f-4626-8d71-343d5dc858ae,11/17/2025 2:30:28 PM,,11/17/2025 2:30:28 PM,,34402,,3/9/2025 6:00:00 PM,Technician,Sydney Smith,,Day 1 Transect,YES,165,,,,11:50,11:54,Visual,0,0,,0,0
394,942ac6b3-e3ca-4a94-8431-7ba77ceb6276,11/17/2025 2:31:09 PM,,11/17/2025 2:31:09 PM,,34389,,3/9/2025 6:00:00 PM,Technician,Sydney Smith,,Day 1 Transect,YES,75,,,,11:06,11:07,Auditory,0,0,,0,0
395,fc948c59-1c2f-4eb1-8017-e0e1f0a59ef9,11/17/2025 2:31:47 PM,,11/17/2025 2:31:47 PM,,27189,,3/9/2025 6:00:00 PM,Lead,Jessica Hovey,,Day 1 Random,,,11,,,10:21,10:22,Auditory,0,0,,0,0
396,5a6edb1d-c769-4a41-8fc9-8465b7d58bbe,11/17/2025 2:32:37 PM,,11/17/2025 2:32:37 PM,,81385,,3/23/2025 6:00:00 PM,Technician,Sydney Smith,,Day 1 Transect,YES,0,,,,10:30,10:36,,0,0,,0,0
397,d5a831f0-5c69-49c4-86c4-f8fe718ea3b6,11/17/2025 2:32:59 PM,,11/17/2025 2:32:59 PM,,81385,,3/23/2025 6:00:00 PM,Technician,Sydney Smith,,Day 1 Random,,,,,,10:36,10:41,,0,0,,0,0
398,eafa0521-0bac-497a-87f4-26eded9dcce3,11/17/2025 2:34:37 PM,,11/17/2025 2:34:37 PM,,POSE2,,3/10/2025 6:00:00 PM,Lead,Jessica Hovey,,Day 1 Random,,,10.6,,,14:29,14:34,,0,0,"Very high tumble mustard, and hard to see flags. There were signs of antelope where most burrows could be",0,0
399,81d5e9e6-d50d-4047-847d-8301d9c42fb1,11/17/2025 2:35:43 PM,,11/17/2025 2:35:43 PM,,128302,,3/10/2025 6:00:00 PM,Lead,Jessica Hovey,,Day 1 Random,,,11.6,,,14:00,14:05,,0,0,Road nearby that is not visible by GPS,0,0
400,5a4fce23-e4bf-4418-8061-be5dfdd64312,11/17/2025 2:36:34 PM,,11/17/2025 2:36:34 PM,,121089,,3/16/2025 6:00:00 PM,Lead,Jessica Hovey,,Day 1 Random,,,16.6,,,14:55,15:00,,0,0,High cow traffic area,0,0
401,5f95695c-d983-4dbe-8c3c-a8743c956ab2,11/17/2025 2:37:38 PM,,11/17/2025 2:37:38 PM,,81463,,3/24/2025 6:00:00 PM,Technician,Lillie Scofield,,Day 1 Transect,YES,290,,,,15:06,15:13,,0,0,,0,0
402,b896a8e8-2e6a-439d-8fb9-5ad24cfd2f3a,11/17/2025 2:38:45 PM,,11/17/2025 2:38:45 PM,,81463,,3/24/2025 6:00:00 PM,Technician,Lillie Scofield,,Day 1 Random,,,,,,15:13,15:18,,0,0,,0,0
403,da69153e-d92e-4dee-8c1e-d01e6e278f76,11/17/2025 2:39:30 PM,,11/17/2025 2:39:30 PM,,89850,,3/24/2025 6:00:00 PM,Technician,Lillie Scofield,,Day 1 Transect,YES,280,,,,14:03,14:10,,0,0,,0,0
404,7395330c-aacc-4119-8e1b-902e0a7e12dd,11/17/2025 2:40:01 PM,,11/17/2025 2:40:01 PM,,89850,,3/24/2025 6:00:00 PM,Technician,Lillie Scofield,,Day 1 Random,,,,,,14:10,14:15,,0,0,,0,0
405,78bbf45d-e6da-47ac-865e-973099e95ef2,11/17/2025 2:41:09 PM,,11/17/2025 2:41:09 PM,,89850,,3/24/2025 6:00:00 PM,Lead,Jessica Hovey,,Day 1 Random,,,12.5,,,14:10,14:15,,0,0,Wind higher in the area of the plot,0,0
406,89896203-5afd-401c-88a4-bbf7b9ff0997,11/17/2025 2:42:44 PM,,11/17/2025 2:42:44 PM,,SDHPLA6,,3/10/2025 6:00:00 PM,Lead,Jessica Hovey,,Day 1 Random,,,6.7,,,12:50,12:52,Active burrow,0,0,"One heard on route to site, bearing was supposed to be 110L",0,0
407,1bf45064-39de-4a51-81cf-88e7d8650960,11/17/2025 2:43:32 PM,,11/17/2025 2:43:32 PM,,POSE1,,3/10/2025 6:00:00 PM,Lead,Jessica Hovey,,Day 1 Random,,,3.5,,,13:32,13:37,,0,0,Bearing was supposed to be 180R,0,0
408,28683954-0aea-46dc-8b3d-32f3fc07ef5b,11/17/2025 2:44:35 PM,,11/17/2025 2:44:35 PM,,42802,,3/10/2025 6:00:00 PM,Lead,Jessica Hovey,,Day 1 Random,,,4.1,,,11:35,11:40,,0,0,Two sets of tank tracks through the plot area,0,0
409,d81f5439-c7a6-4618-8332-9bb9207f1049,11/17/2025 2:46:15 PM,,11/17/2025 2:46:15 PM,,GS12H,,3/16/2025 6:00:00 PM,Lead,Jessica Hovey,,Day 1 Random,,,11.6,,,10:45,10:50,,0,0,"Marked bearing does go through the road, we were unaware of this and drove through the plot",0,0
410,efc7d88e-f6b8-45cc-8d4a-0f4865447e5d,11/17/2025 2:47:17 PM,,11/17/2025 2:47:17 PM,,105476,,3/16/2025 6:00:00 PM,Lead,Jessica Hovey,,Day 1 Random,,,10,,,12:46,12:46,Auditory,0,0,,0,0
411,8e420417-f891-48be-8265-280997529c3b,11/17/2025 2:48:26 PM,,11/17/2025 2:48:26 PM,,27189,,3/9/2025 6:00:00 PM,Technician,Sydney Smith,,Day 1 Transect,YES,90,,,,10:12,10:21,,0,0,,0,0
412,a2324a29-3dca-4990-8c43-e5471a283a37,11/17/2025 2:48:50 PM,,11/17/2025 2:48:50 PM,,27189,,3/9/2025 6:00:00 PM,Technician,Sydney Smith,,Day 1 Random,,,,,,10:21,10:22,Auditory,0,0,,0,0
413,10b609d3-012d-4cf1-8cf2-35fa51f7a178,11/17/2025 2:49:30 PM,,11/17/2025 2:49:30 PM,,POSE2,,3/10/2025 6:00:00 PM,Technician,Sydney Smith,,Day 1 Transect,YES,90,,,,14:22,14:30,,0,0,,0,0
414,cb2891d8-f60b-4cce-8b87-9b0df2e69d7e,11/17/2025 2:49:51 PM,,11/17/2025 2:49:51 PM,,POSE2,,3/10/2025 6:00:00 PM,Technician,Sydney Smith,,Day 1 Random,,,,,,14:30,14:35,,0,0,,0,0
415,479733aa-1c5e-4d99-8041-0bd196cc8ff5,11/17/2025 2:50:29 PM,,11/17/2025 2:50:29 PM,,SRHALP6,,3/23/2025 6:00:00 PM,Technician,Sydney Smith,,Day 1 Transect,YES,145,,,,11:24,11:34,,0,0,,0,0
416,2eb7e6e5-9678-468f-897a-0a23da40f7ca,11/17/2025 2:50:54 PM,,11/17/2025 2:50:54 PM,,SRHALP6,,3/23/2025 6:00:00 PM,Technician,Sydney Smith,,Day 1 Random,,,,,,11:34,11:39,,0,0,,0,0
417,4f318101-3a4a-490c-885b-75dafe86d6b9,11/17/2025 2:51:28 PM,,11/17/2025 2:51:28 PM,,89785,,3/23/2025 6:00:00 PM,Technician,Sydney Smith,,Day 1 Transect,YES,250,,,,12:42,12:53,,0,0,,0,0
418,cdcdcd56-25a8-4b17-8aaf-f4c56db5e585,11/17/2025 2:51:47 PM,,11/17/2025 2:51:47 PM,,89785,,3/23/2025 6:00:00 PM,Technician,Sydney Smith,,Day 1 Random,,,,,,12:53,12:58,,0,0,,0,0
419,6b8a4e9b-2884-4c26-8edc-691bfe942631,11/17/2025 2:52:31 PM,,11/17/2025 2:52:31 PM,,128302,,3/16/2025 6:00:00 PM,Technician,Lillie Scofield,,Day 1 Transect,YES,240,,,,13:51,13:58,,0,0,,0,0
420,b00bf9d7-6a2b-4e59-8b83-18c3d6ac080e,11/17/2025 2:52:53 PM,,11/17/2025 2:52:53 PM,,128302,,3/16/2025 6:00:00 PM,Technician,Lillie Scofield,,Day 1 Random,,,,,,13:58,14:03,,0,0,,0,0
421,9aa95be3-ea73-4ca9-88de-c4502c29cb3d,11/17/2025 2:53:41 PM,,11/17/2025 2:53:41 PM,,121089,,3/16/2025 6:00:00 PM,Technician,Lillie Scofield,,Day 1 Transect,YES,242,,,,14:47,14:55,,0,0,,0,0
422,1981c292-5a8e-490b-811c-d5e43c5b33af,11/17/2025 2:54:13 PM,,11/17/2025 2:54:13 PM,,121089,,3/16/2025 6:00:00 PM,Technician,Lillie Scofield,,Day 1 Random,,,,,,14:55,15:00,,0,0,,0,0
